"sampleId","panelId","panelId2","panelId3","panelId4","panelId5"
"0000174000011","72cd2fd4d8918445","5f6aa952b6d0f8aa","3517000c1d740ba7","7285736b54af7906","12b5fc0d46a975a6"
"0004955000021","2d839aa848613494","b7cd03a76d280dc5","67fa497b582f618b","bc38d1bfc0c51944","b60a73a9f71430a2"
"0005056000011","a39074c4f6338b24","05da26765307dd22","a5b4ff6c8a1d369c","30c5f9a6c82c2f64","29182691522f7811"
"0005304000021","56c2d46615a8f46d","0b52d1c948248c98","1d42fb29c5248982","1010cd4fcc79f0d1","19c50a973d736883"
"0005880000011","a0a7b5ac490b6590","009460dbb5f49b1d","b11cc4a7ad70a8ca","95f8205457b261f4","84d2c3838af44203"
"0006751000021","93d8b488139f6d86","325b37f7038d478b","5d4b84830223200a","55792fb9c4bd3c3f","c67529da66b7c355"
"0007280000011","c4d1412335a410f0","ad65d0a18dd16079","0c531d163d7f0ca3","9261fa578183c666","d4c4a1a4d23f52cc"
"0011926000031","8d9ffd834f0f4ca0","a667bc8dff44b87a","5b23d7f683a1073a","bf98bf17c7523010","d6159aa149bf6060"
"0013164000011","1170f8bc42547c77","41dc9237f500ab2a","410100f522c3f0fb","04dcb1924801a4c5","f797dfa0dcbc18f6"
"0014591000011","311a799cf61903c3","ad0c00a8b36797d5","c7857d6c6308f5b1","d189b4d27a6f2b7c","7a78ab5ba23bbbba"
"0016639000081","fc63c50da12525cf","8abb839fd56c5541","4881a24435a058fa","477d97080616425f","c65774b8f5f594c8"
"0017941000011","0a8d8a8dd5d2fc8a","837c672690847288","8f3b0c5dd865522f","6456bbb32cf1b282","498009ab4904214a"
"0018877000011","f92dd4ff0f355588","4c76871a8c8ffdfc","f5ac2b30a4828f6a","52ff8420d3001b29","449d42ad6630d9a7"
"0019187000021","2511cfdf53f930fa","43c1cb6cfd8c4868","f8071b86f79c7a29","7b030f0dcc47c96b","49bb97c372cc4224"
"0020830000051","42a42843b318bf9d","ffa97d70cf714563","8f36c6b7ad578a28","c67459bcb8961231","1c4437a65f020c64"
"0023942000011","612265a1a802d04b","60d9fc13d63f5baf","d6682c68248b26c2","1ac06286ad006137","7fc9a6b1d44cd750"
"0025145000011","8847d67701f71b92","1093583123b479d2","896468faa9007788","3afc77bfd241d672","601d40b5daafcf26"
"0025518000021","6db780b09650474f","b922ca7b81682cb2","31d63967fba5b4f3","b720b79623ff9bc0","8f935f230036a458"
"0028889000031","6f4178c72f54c5d6","7a8270b3c13c40f6","5f16701580a289c3","81db27b0930501ba","0a38da846137d791"
"0029116000011","84c439013c2d1235","955145cd27865621","3d464c7fb7df584b","928c8268626dcdda","945291d576d6f6c7"
"0030712000011","24d312f940a061ba","f640c8b7777ca621","37c1102f229b4f18","b58a138827f5085a","f46aab4a415a96a4"
"0030956000051","c6657f63c0f90649","98ab11d02064b935","dcfd3c3b47f3b22a","c99450f1ca5f058d","9979d6cc1da709fd"
"0037406000051","4cf06fcb6a4d3867","d5a22d7393006f66","cb375a5961b0c256","d8d031a4bb25c08a","93b137263c1cd0f4"
"0045142000011","cff1909501b6584d","33d3b0d179bfdbd1","b72926f15f8b19f3","da815c517924ad9f","32ad26ba7a639b56"
"0046040000021","c551804cb7391430","165bb073fba76b5c","325dc364bf3b4fd5","5b13046389f75066","11d110314fba68b9"
"0050941000011","f7f0c2a6bd40da9f","50adaf81c13c4d88","515fc196aa7cbcfa","d491429f9a95f57f","78038b2024395a78"
"0054714000021","f8906787a7fca8aa","0f63767778c11700","7dcb323fc04b3b9c","d038d787c293d7b1","f66ba1365b77001d"
"0055798000021","32c1d31d1f464130","42a61692456c07bc","101f2a2227b4a2ac","173d551bb96fa35f","dc73d6d1756407d7"
"0059946000021","c767b064bb5678ca","19b1dd3b6f6ff56c","8801744635d992f1","4c42731827920dd3","7555f83c87179aa9"
"0061053000041","cb5bb28c535f222f","c5032704932673d6","264f8cb54c0a024a","20db1c99c35b4d09","5738cca6209857f7"
"0065203000021","525f4893dddac76c","30376a3fbc07553f","d157420195a20659","308f04cf9f307203","48f4f9af07547623"
"0068394000021","b6ccda0b8c33db0c","cad4850596f9d27c","5cc46f7d6d016080","4d9bbf247c0d176b","258a851175ac8897"
"0074054000021","baa62916cf348d88","52cdcbc37d6a4bf0","9007ba83528df663","48ccba613cd24160","cfc0abd3174c7307"
"0074780000031","2dc0f7562dc0d2a3","d2f528264fa27397","f08b680336c60d80","c4514d4873adf1ad","2460d533c12a10b8"
"0079120000011","8a671ff75a987383","f7b2fc35714cd3c7","9510199624ffbfba","f8973b79c4c64f54","7d8615600cd23371"
"0082832000021","0b5b4d949dafb463","af74f9720fd42216","6075a1bafa13fd43","70196f33aa0888ac","70a247bc52b08d8c"
"0083389000031","f5a1693bad29ad69","1456df2902cd61d1","7b570c60f7b9b18f","465052d6a4f1934d","26594f518b35af43"
"0086946000011","c91d30df000548d4","f434887ad88493cd","698ad67790073dd2","0963df10a6cda095","319cb4310b14b72f"
"0087671000021","36c7df586733144d","63075b61356cf040","4a99d4c4639bc633","541326d9acf21f80","c33928a198538680"
"0093791000011","780d2a9f36539307","18f0370c459f4f2f","dc758205f261398f","8734f1a44778275d","4a82a8315cd677f8"
"0095546000021","8f3bfd37c37c894b","31a41db48876211c","686b38af9534b849","3f64aa20406dba1f","563027415bb0236c"
"0096636000021","d2d9cc470619d590","a115a421507154b5","fbc7ac5269d293c8","3663d938980a5d39","6663c99338f6b72d"
"0097998000011","31d9d127766ca339","fb8ca6377fa2b048","4b3cf0acb924d706","bc2341a378536b98","015823b62a9208fa"
"0098036000011","40580a6a79241126","9bfcb96af101b003","9383d089f5f23a0f","4f9cc2c9d15982bc","816a87bb73f3fc6a"
"0098370000021","784d75238af4ca3a","b9a98497cc313aa0","c889046111ad15a9","72bb358313d8d243","3807943bdd2b1787"
"0100279000011","973aa20b4648f028","a78f31639105122b","97644a69a1343dcb","59401ba53b035842","767bb653135dc726"
"0104059000031","5d65b127a418216c","8a6ddf3a002880c5","6ab8354acf12c9a3","225ff0f747b2c283","9bcbcd8c7b9854d5"
"0107145000031","3c1d31c3f9569b75","c44764da9d5a0b55","9c10da479837000a","9f898b4350acf20c","6023f830c7bb7691"
"0108681000021","c10517fb8aa2aac7","218c5a01da8512d4","6289b0890480b612","6c11839bb9bfd539","9f5242a4dad632cc"
"0108991000011","accaf2076c67ddba","d128b5b74994bf17","b9a81820db246145","d99c8076137d70c2","499422b9aa74f2dc"
"0110856000011","c575bb33525fa4aa","2c970d387a32956d","dfc576c5aff12bac","178c99631b9b46b3","601050435563bfd5"
"0112782000011","abd88951822ffbd2","67fdcfb64fa10b41","301291b805b58264","719767a75aab75b0","a4103411893f9027"
"0113834000011","8412ddd53a4c339f","2257a651cc8675a4","db26ddaabbf3d879","b8f85c06971fff48","500fcfb882b75ffa"
"0114286000011","3d655745453b2951","5af12fabf35666b8","12d9294cc953c098","74d02342bda7aa73","29d2857fc28af3d0"
"0116661000021","a1b1862429a3549a","7f7728c71cf86977","24bb2db880abaf1b","1c6131c7a412114f","a3d380279268923b"
"0118902000011","d964599256f0b23d","ab7bd0800308295a","abda3a561fc4f306","f353a0a2000b8027","bd1b1b2b2cc815d3"
"0119115000081","90cf9c304fc0afd1","8ac74953cababdff","cb7550257db6f294","db3007b0193d7330","33ca137a6f760a7a"
"0120495000011","2cb083881da43d30","2a4778cff0948a27","94fbf5bfb2484c76","7d34dda7fa31d64a","ccc3094c71155bf9"
"0120741000011","3b990745d4b2c415","8630f97fdf9665b1","db62c719f0b81482","559b9b4b638b6422","ad96b01724b1d271"
"0124388000021","d29328baf78cf091","12a73c192a6db23d","a5b8fb47fd531a46","51185611bb1a256d","a8d9b3f7fa917cad"
"0127653000021","88c4ad01d74c46ba","362d1f88da1f1490","b0516fbc03768653","529a58a0624785d9","3c000990755c798a"
"0128067000051","97267fc7ab33015a","d0f27f5a8f0a8f84","023c29b8094b1fd5","79460c93f52a7c71","dca5d621fa59100b"
"0128093000041","d49a874a154c4265","a756d92010746173","71483b83a25495c2","81d6371d53840d18","52b0faaa88fd1a51"
"0128571000011","04fada2c93d27fd3","1c549d5903b16dc0","2985ad328256492b","dfdb9fc3c5108c28","12b46754d78f9097"
"0133760000051","db72acdf08d1f497","41c908a92b7a006f","a4a274f56d8467fb","42a19cda5459c45f","36a8bf32b5161225"
"0138059000031","b49024b137947031","4793df0632f04c36","0091aa47fd5fd460","b2a8ab3b3366a697","bc65fc5564a3f44c"
"0138341000011","47b49000156bf758","085aa3d4bfcf02b3","f3b155b97967167f","037d5d3177ffba1f","4bfa5019c37abcb4"
"0138769000021","426f7fd385f8720f","b5c82a60d75435ba","7b38c9b63a9b1a79","1bf06396a6b7afd6","4dc2f1ba2c9bb574"
"0139676000021","5b56329f580d1dc7","489b32cac53d0826","8f0bb3421ab28acb","9850b18585236636","983df75268bd423d"
"0142878000021","8bbad0b86a362145","209b319c35b4606b","25c74f4777bd2997","3f4a5d2427aca5da","df05966cc7c416df"
"0143129000011","52dcb5ac02a75619","1b78bc009c12ca30","76a21fff13c40070","a4a1020fc19f37af","475caa2abd60fc36"
"0143411000031","325d72c68308b2da","668a4d2f5a1490c4","1f1a3b93ad76f9a3","3f08c64a1a258df6","0d083d955817fbf8"
"0143953000051","851fcaf2acc18c00","d22cbf32920af52c","c21272534250618c","902db3292bfd4374","5d4a62055abc0afd"
"0143967000041","b673066c8bdd1d48","94f0306c9209fbff","32f2c2bdca85d8d8","1252c79f62b7db54","16c418db2681b22b"
"0147183000021","950810c63d5d0482","332843c630f9509f","0a42d2746c1ca283","929f9fd3c6206126","54a610421c10c1c8"
"0148718000031","82732506d4cda557","ab317ab957f589fa","ca8100cbf63dd41b","08d1b205402453aa","6c14a97ab7151796"
"0149292000021","85fb894225678db2","411b33d90d33f73a","44fa58a6859356cb","bc7984c14448c3cb","2a9440928df50992"
"0149451000011","33d714c404303325","3f7390f0602db2f0","d973ff9d952ddf3d","164007c1761acb0d","725bfcaf591940c1"
"0152742000011","0b8584944cfac273","46ca24b38138657d","a7fc2d786a870106","bf0a6b27a4a36b09","b409a252b4615480"
"0159808000031","2c1794803b39695f","13afb23d40b9df49","da24631c0200b23c","c2c179c7586ba687","a89728f999c43c7c"
"0159874000011","fb2386a41562883a","0516672bb7379499","84bfc608877fd025","d5979a17ffbcf8bd","bc7d8a42b8874b6d"
"0164445000011","412517cbcb58c384","052b377b76682509","d0045a6a3358f94a","0c0aa0079c194cd4","d1cc7c025d57180f"
"0166268000021","54bad6180d4a5b50","5c26fca331a0f20d","a7934c00c53ad6b4","d48b484827a41989","4a587a9233a39b0f"
"0167425000031","7ba62791b69c2d5d","60165b70b99d90c9","049353a171a449bb","372907a19b4f8823","03b30f5f1796da17"
"0169507000041","1ab78434c59181f0","95339221342fa538","ad69b14dc185d7d4","395939c0078d8d9b","3ca136438857811d"
"0169549000021","b969b5d6d1d92531","8fcd7737404133f2","033b11c631b58713","05ca62aa5c85913f","67db46b0345d126a"
"0170381000041","f5531191c9f03046","8a7dbb694aa193a3","003f45f62b836d8a","4fd4520b193fd4dc","8bc495607a92a910"
"0170960000011","17328d942591999f","254810f1f5839634","9517a0df701fb7b7","2b8a86bb90a8126c","96bd191a312953a3"
"0173863000051","c3ac644af4683b61","cdb5a98320d58a55","b2358747a1c6dcc2","553fd25af51d84b3","38d77b3f07c0a18c"
"0174324000011","2073d712f4b9dd6d","63708f2d3a245202","378901f7adf33441","d6fa68861836fcfb","a82d2d496358a3d3"
"0174824000011","77d3c173fbb9a4d4","8b7447da6690b94d","c1088507770da1d6","d171f0997c6d7afc","04f6283afb409a4f"
"0175877000021","81c1afb407a1ad2d","84f8c7c83f69a02d","5f9d26f13438a104","b8c1d6060729c9bc","d5ddd40fc1a33687"
"0176917000011","874dcf34330ba633","282cfa5597f91ccc","0d7d6cbb8cf67ca5","f78705634fb8205a","a2ab31d0095c6b60"
"0177669000011","f0faaf08473286ad","1830cb43217a20c6","b5104b7a999f38f5","1812ab6fc514a542","08329a4a57305538"
"0181827000011","8f5dba85a9ca85b0","96f6c8a6d55bf0ba","d97c739f48931ba3","f4114737d75288bb","3f81c17b83830b30"
"0182291000021","a9b56635f815a489","31412aac09607864","4b3f18413938b1b1","255cc33a418125b0","282dca49426d5b49"
"0184799000011","d62030b92b25939d","dcfb1378a9cc60c7","cb1973d208fbdcc0","cdcfbc92dbd7119f","8978af30916c2892"
"0186554000031","1b0f595bbbd72085","45ff731ad8a00b16","b6ab228f30625926","52553cfc075f0cab","9db04d530327164b"
"0189427000021","9294fddd2a3c9d2b","766ddb3fd1566cf2","16c7183a1161c17b","c918bff31b6b6787","0af3cad111a00761"
"0190830000011","36ca427a3c4024ba","7baaa91f6afba145","5f02a2ca36c58518","b03a65fc71345602","49b891c8649dc715"
"0192775000011","51699158bc806b44","b62d331d14d1f9d7","558daab01808485c","c3334c41c6c30867","b16b975d063aa014"
"0192870000011","b144dada70b73665","45145cb5c2734cf8","8aacd8122539c3fa","6aa5f77582040c78","0a39d3a9403c988b"
"0194050000021","3528948d2127209d","9ba5df3c9092292f","317df091fb953893","288621a9c369307d","c4fb33a02b9b4094"
"0195053000021","52fb51fc8c390934","d63754c3160fd38b","b765a22d843d94b8","26cd47cb617c27cb","2431535c9a6d449d"
"0195055000011","fb8599cb72b8134b","9bc3a2471dd8f586","b4ca9c990ca4b6bd","920ba898ad57a6a4","5da06141a9c2fdab"
"0195867000011","42a883aa8297a65a","9a1d5acb2cc5b33a","4a72d8a0061cc308","7cb8d463987dd2db","694c75c58294768b"
"0199524000021","b65b719204b52458","a75478af869b939c","c030a148d386ac54","13650c165a501653","fd8897f7796ad6f7"
"0199707000011","a306c4a2b1276f0f","613f04da93331fb3","0f2700694f6557fd","48d8c9cd7604c649","2163977adbbfa446"
"0200404000041","fc9a7a5a6b34a100","1b79a59a4a21b732","6789f23275a930d6","442430bb89317f54","3936349cb8233787"
"0202417000011","cd60bc1f78502012","5cd5027d5d4adf3b","1f48d73c4fc0c52c","bc648c0314780070","f8b3a612dc399400"
"0207544000031","3163912f13839159","0bdd964fabb0ac1a","7c9a363c7707557d","9f02f7df67f2b524","7ac9cbb4465f28fd"
"0212959000051","5317d70b7548989a","aa229933f1718b9a","78cb9419c5888a5c","2a36b161b0f90a1d","53dc6bf8155dc8b6"
"0214885000041","7d2c0731266a692f","8ad9a80b71a16444","ba1af2d96b7f5960","59a6f7081bf0c461","a1c481949abdb597"
"0215361000021","f9c6b0cd31f5d015","33dacc5aa7b1df19","f9a0d2308700d634","94ddb84a457d04bb","8a3f48c5213d23b4"
"0215521000011","49b9f42705c5b169","a9690da17bca1b2c","f95dd07574c8fdf4","14ddb4504336f79a","ca76f7280fad2513"
"0216092000021","f19da14d226fa78f","8f4762850a2810a5","411ad13cf0a4858f","7d1a4f58fd3371bd","a6802d24fd228d56"
"0216772000011","7d733ba6c5c4a233","b5af6f53dd34f886","d61b046cc759c117","ab3c8f3b622c9824","a8f77aa385d20984"
"0220599000021","61d93842c58c397d","83cca752fcbc29c0","c2091cf177a82a61","3fdb72d44f956834","3ca8c8cf063621c5"
"0221859000011","80405519b8912863","93286107b006bbd4","8a2361b9a66b278d","5cca3da30990a49c","60127c003b405bf9"
"0222047000041","32465855b0c128cf","9dd56a54936c1a7a","74bf2bcd19767371","8fa9c381b9799397","ac9fb5acb556caa2"
"0223426000051","6031ac06c11c8290","d000671d8b574d50","d172fbca336cb6c4","759f66da33f6047c","06cc5c9d07a29a6d"
"0224347000021","48f596443df86fc3","a5d8d815f6f79d93","b9076958f823c935","678c2f485a0ac017","9d9a4c19c4d26d39"
"0224843000011","8d23b05745070680","a1ba8d673c726803","3b1378d35311a742","1ffd70d0a64aff0d","54210110359cfc93"
"0226475000041","9d844fccd92a8d28","96a43a8dfad680af","6a7d21b484b1f394","3f5b339afa72c4f8","48ca0943a97ccdca"
"0228129000021","b1291363ccc7ff35","d9688508b646d889","6243c0ad0516f276","40121757d2b25259","c5282dd2b722a9dd"
"0229621000081","5d9bf55a66603673","d01849c954338209","6067c0b03cb38b15","acf369f89563aa16","ff330dff907878b9"
"0231278000011","636863a5a55bb84c","8c656fd72b025aa1","d3b02bd9702ba7c1","22971fcabcb77075","23175daa81cc93cb"
"0231713000011","037820bdf94dd179","02cd4d8337f56292","d1b75283fd1547f6","c0a22fff16877d76","d670430075acd4a0"
"0232796000021","b9f9b88451225098","274f5028d5da7798","8f582904ff67f310","769061bd6b33da21","dc62f6544f7310cf"
"0233274000051","c1c3d76596693a28","71316aa9aab5f960","a21335dc7f095062","cc7c76f6870fc472","c433f7a1d15f469d"
"0234539000011","b46032af13d436c1","aa93f2c66dc98258","3359c64123baf124","100fffafb55613df","858c26a0ba016a40"
"0236066000021","f049f74891f079a8","268763843a977dfc","c881cc93a8303a96","2a7faad7bdf6c300","738104db0cfb4278"
"0239400000021","6fc90c6164fb214d","16db3c527d196299","ba2180811f67acda","b27a180584bfc48f","1390129049919b43"
"0239432000051","d4b1640799ab75f5","a28655475767b1c5","f865811d924da1b5","b9668962f6659936","86036196992f4fb0"
"0240892000031","79b4b167a23d676d","dbaabd81f8bcb56f","d037fc374822286d","7401887a1f43abb9","177f0f23951c96b1"
"0243561000031","ccf415370f0691f7","bc3595681b3a937f","a476d8cf8b4fb71a","a98672ffc2358f51","52fa49308d6f7222"
"0244419000031","2cc0cb57ba3f49ad","700f53a54a93a5b3","8540f5a3235bf571","84c49c1027d5b4b3","70889c2d09034203"
"0244889000021","a675a35ab99c7606","738c9313fb65c3b1","75374a37da896b6d","675aa4506417b4c1","d78c219916c2cdc7"
"0245716000011","272c3b7c72a8d9cf","9055f9a535040bba","9fc1a77772dc9552","bd7af4c2b502c1b0","1cd723ba3aa5430f"
"0246570000011","2c570a481233b3f8","d7d535bb67a40f64","0c654a16badd8760","75db968527060a96","4b34a8cc1f49a60a"
"0246915000011","471aa015c7fb5407","2d92cc08297cb8c4","3c86c993bb9f3dc6","f4f3c04a31c34b04","5059ab0a646d0894"
"0247193000011","9bf4f8c099837f4a","070453dc6c3739bd","b8f8495b7ca31695","161d459f3c4cbf75","9b74c288bdbbabf1"
"0247470000031","0ab544952b1d67d2","cfb767ba51b41b0c","35c39b0b53ca57dd","7d12d8d6b97fad44","213665cbf3736142"
"0251291000041","bdaab50bdf635ba6","7780735fa008d48c","8165a40fc204aa51","48080539f669bbd1","1860b82502cc790c"
"0257131000021","dc62fa1579f9ca23","11b43cfd1980201b","6396c322988c4f77","fd320c3937f54541","fd96fbd6348b5677"
"0257509000031","c7aab8ff47a8bda5","78065d149fd40875","b1c254d76f99d56d","da2332f64f692ab5","5d583adbb9b974c3"
"0257711000011","5d610cfff614c972","0646a5f20aa979c4","3b411b4500c0bd9f","cc23bc143dd13c79","63f2c89f01f5d207"
"0261272000021","f631992c8f0da76c","b50b8813571aa94c","8049c6af499a53a6","a461927547ff6377","449678c2123bd35b"
"0261327000041","6d91c770bb7a61d0","b11f1bc666dcf252","897b96f0847faff4","2dd8f170c5d2a4d2","bd4427cb1a2676af"
"0263277000031","1b2b05c201d20f61","043c170049988a46","913785f89691418a","978acc2a90a930fc","5434bd8b69b63208"
"0266458000011","aa3d45c2937c0a04","426b0b61789572d8","ba455dd0dd1d6df8","64f0a13133186429","6f2a225ad2d7bfaf"
"0269844000011","4a69bf99fbb801b2","757b7366c2067c17","828f6dc1c0add8a0","8d14d20cb37270d5","c9693d696596da74"
"0270060000031","7c7482b586297ba7","44cc730b650484f5","afdf15692f04f73d","1a1cd4a9a515c550","8d83329b96fa4bdd"
"0270240000021","9c2d04a9ccd0b844","97a4acb44da88b44","41bc0b44f6ac7f1c","924824fbf00b1356","53547a803f16df2d"
"0271253000021","765a60d9d6700719","a3aa2c6bf895020b","75da776b2aaaca1a","6516826d43a31662","13a821a11cfcff78"
"0271391000051","a28809aafa3cbc6d","034c0732dcb4a5a9","22a3735061502810","f3d70c998c89792a","670db5a4cf9ba837"
"0272327000011","fa9901cb11490d14","705c563d5352c944","09655d7d3bb0989f","4631cb5a820258f7","f3405f136ba2b7d5"
"0272938000011","5952341219fccb75","7b99c9743452c16d","38a71853199449b9","018236fb2d77f6a9","0ddd4af599d16507"
"0277226000021","8a03d72f3279cca4","a29df533ab4383d6","b49615577622af2f","1943fb5470479834","dbf4b726a5583698"
"0278335000021","a9047c49cf66f433","0cc449b589494149","101493df88c7cad1","0da4d59b25300757","78a634546680ba1a"
"0279337000021","3c2bd6936cfd8747","975b57812bc840c2","40d75845aa40558c","49047b752a18a3b8","4958af6c2288ffcf"
"0279721000021","1873dffc7cdfd969","523cbd0450a649f5","807da35d1915747a","f67a1268ca321db2","214042945b634723"
"0280999000011","260c3aa790fdfab7","5d262c0f3d9ab782","b11fd0a9974b8640","b82316a4dcc25aaa","20c86689147b92bd"
"0281448000021","41c1c30dcf35b1d8","28b44b76ca43d3f9","3b8a0090871367d0","c90488f97faf4a16","ab919d840b542f43"
"0283550000011","acb2d998194a4f75","f7d1fd1fbccdc550","fd2298a4f8295ad1","f5024011f5d6cdb8","6381433482fdd6dc"
"0284677000011","c458b194bf6f2fac","9c99c11867a068d0","aa3d2c92bb03b773","bc6a2c4f72fd9541","99929c7f1b7745fd"
"0285020000021","d4a8ac2bd03d87b5","a7c649bd0c84dbc2","23b5f63c2b54110c","a3321235408cb7a1","6fda287a19c487c0"
"0295058000021","48b8da9f0d2d043c","751cc07951167177","fc21429b2af90cfa","1afcc95464bba511","2c9ab143926435f5"
"0295587000011","80d9b7055afd3747","f204a67f6667d0da","05887c37d4aa55f4","5634c705128bb292","525740c67440c7d1"
"0296890000011","2d3b164bfb446498","5282c2072b779810","482b54b5997a3639","604186bc877034f1","2b08477b7057f13b"
"0298207000031","a894231dd1cc17da","caf052ddfaa93548","f66c989c75462ba8","91c769230c820f14","2685570c3418fd08"
"0298282000011","0fd832cf1ac08339","aa0f849dc0771d7f","ddbbb35fc8a97880","cd4bdd7c01f1d06c","8393f527815a36d2"
"0299983000011","75305a7b15bc1a4f","57d45c096887313c","d492a0489b5f89da","3b755a8070810258","2116b29d9296d0fb"
"0301734000011","41d39f91a62480d0","c7c52aa0aa5cafb3","cadb13a2b4b86f42","658aa427f2132da1","29608fcd6442f096"
"0303247000031","68637a6d6a0a8c0d","3d11378f15b2a3c3","566d2c73dc32802a","363f3340ff8ff86d","5d12a6f7f6b22d1c"
"0303657000011","1ff338878a2d7c05","06921f1d63cb7737","296f113b710d29d8","79298aa98f5cdd61","4467cbfb7a036cbd"
"0305679000021","b9bf19155c5384ab","0dcfff5824d5da82","419788fd7ab31406","516a1bbbacd8939d","cf25272c4dd3654b"
"0307138000021","31186f2d4ff6d566","81012cd01a87c6a7","5142dd1d6af333a9","644af67f3d40b65f","46686492cc1a88c2"
"0307527000011","58ff47f55fb6431c","d13836079f011106","1cc563aa534f34ab","f4c903a1a6585000","92d825c886acb427"
"0309810000021","9204f423b23fa681","c728b33d2da9d9ff","2c97c28fbf6cf56c","121aaf4ca99df795","69ffb4f1cb54ad83"
"0311519000011","42b55aa618621fd0","207ca62dcdd60522","d727545862d39518","0b85a6871b05519c","b2cdb416423aa3d6"
"0311785000021","02a2a253b9691a85","8c45186c668f36cc","a9836f1b8c6082f9","a8b376526fb65fd5","80cda76c301cf293"
"0313240000041","c6dda7f192a56f74","cd8fa60a89116b89","2002d707219383a7","853bc0350b370093","bbf96c1505339190"
"0313359000011","0d7d8c1c56154b09","584cbd8b4cac4af8","91c2646550706588","26df30018156198a","614c6784f386f6bc"
"0313619000021","bf70162401ca649b","75bb71acd6d4b213","bd19ccfabf7c565a","0d5fb4f061774a02","509c43a82d512a76"
"0315431000031","7d8b46992603738a","006b8074db885454","c32fadf46358b2fa","3577f9d50b7d40f4","213d704aba65f9b9"
"0315498000061","fd4673007571374d","c0a244011b0c7ac9","10a17599c4f0bbd7","95fc6706ba68d989","4d77574327f7d256"
"0315834000021","6b4a172552a78c39","b09411fc41c40ac6","907c1c3cb23ad8d4","c5f0c216cd0fa31b","999a069ff814f748"
"0317224000021","0d2a5b71721bdc10","693c36b5c86dd1c7","86459010d60554df","bf7dd05df0106cdc","3868caf4b40d41ba"
"0317827000011","4419860b040dbc06","0ad9c5dbfb82b57a","3cb3208c1c19b954","f281c4a39191c79f","7caf9395206815d6"
"0318769000011","d7f84373cf8c8a14","f992d68af158f53f","32f7a5c26b310583","c5500565d455d027","af4761f1dd6f6fb3"
"0319442000011","162f1572d81a8731","cd79c0f6a6979136","ba2fbcb33a28bb59","1c699b30a8b26821","f77423da477813b1"
"0319520000061","c7665bd401cbda43","3039d1820643a357","05a67b112c30ff99","d2b13f9bbd84a2bb","f419038dfbf2a049"
"0319629000021","079b8b83c139854f","98d86b8f08cb4bf3","08ab729850ac605c","d00f245d01aa62c9","f43aa74f5930bc79"
"0325995000011","95d2a9b276c9d049","b9837bbb283569b9","647922cdca82cab5","3bad7cf0a87323a7","dbc424271df8002b"
"0328664000021","da9a201385397c07","5116a7687a421b0d","3cd4aa582d787955","bf62db51659dad95","26a361774f76a68f"
"0330560000081","c497510afdbfd46a","5594b12567431a72","9173289c359c8a3f","44303c42dd43c7b3","23a97953f15a4a49"
"0330608000051","8ffc604ab82f0f59","7bff537b414397fd","4f89b6a82f9b42b2","7a92a2c29f6543dd","851d22bb14873df4"
"0332075000011","70c14124c063a4d8","067b5a3c6fc73d58","d3a3946779762365","8643cf73ff01bdf3","b3fb3172d45d45df"
"0332088000021","79d26113b203b189","db6d13d7798b618b","550596c62131a512","a4c8caf74114cd4d","082bc20a326ba36a"
"0332258000041","d0c413103719ab2d","bc47d786297c7c1f","a2f7f604cda19c88","c80148d56f6a41d8","83522b154f40387c"
"0332302000041","c7dd167a1343a4a5","993abd276bb1231b","23760b7d396924d1","7b28b1960b0c7786","a0987b726c298c0d"
"0333394000011","2d16bdcf7533f392","988fadc6a4adb988","a1d535c5cb27c507","9f11a6280f569c07","1f092f1001af6ccb"
"0334551000011","cadc57c352626294","91d009ff9ca85d20","f5c48550dff9f810","2056c114058a9d2b","b1b50d200b6df0c6"
"0335448000031","c5422860548069c5","d237cd75c025462b","c138b5d891d94973","2cf118970fdb0f6d","d64381f6082addf7"
"0335808000031","75159d031b7abc31","ab22af20206a793a","9c5ab1607d52ba1d","97346377a09a4317","569f9c087fdc2ac4"
"0337233000041","ca135d3c61a68667","76f7376b25a5ca9f","54cd3cd6cfc1f120","1d1abc7d66254c64","339447710cab44cd"
"0339846000041","d62a3daab9aac43b","94d88c7b115f881a","3dddc4151462bac7","add04258f18f29ba","14b8d240122b9306"
"0340025000021","bc3c714ab008d09a","09a72d505180d693","79c3b486f7df895f","9593f6102b3101d3","9f6633c7c66b186a"
"0341335000011","dbc98d3da52188f4","c61f6add780bf4c0","d1bc73ddb713d7b0","289f74111b91357c","7f924b1c616df67c"
"0341724000011","51b438a1c2d19a7d","cfb60a59a05f41f3","0c2a67737d14b520","d1b685255189acbf","f630f976ad13acfd"
"0342535000021","a90a68b64cdd2443","2a68bf46d48a2516","f2c20314f66c8180","d38d227c6254462c","76a2756103ff12a5"
"0343129000021","8bc660009b4c9ca0","f62d542bcb09bfdc","9ffc7d6a88336017","ff05d68f31aa564b","0c81dfd6a6df4f29"
"0345696000011","108c3f42da947fa2","d2b814b64274a044","6c5c9c0b2bd25a65","8a5aa869a6d81832","cd7f1b26a38741cc"
"0349339000021","30541c0a180dc0bc","2d1cc9a779479775","7ff051234b00f952","21325d75cbc0d32b","3f7ff28483dd7c56"
"0353036000021","9d23b061d5db586d","69a4fd221b36a0ab","ff208c8f551519ab","00f3014db90d0b67","48f43f7a034173ad"
"0354757000021","7f535fd175a8d379","3cdc8905bcab1f68","12060cba770da7ad","d3f5a271c85b7776","bb5c85ada8c4a6ad"
"0361013000011","6021ca42af3433cf","b68b3aaa276b052f","57d1a0c7c2a90c52","7569d7f3afc80dac","44f227d7fc752bd1"
"0362083000011","a528262fb9daf8a2","5d890c869d47abb1","5cc16ba75f4aaf1a","c80d39b80278218a","3d58034cc91f84ca"
"0367247000021","3144f3fb6025cc6c","9cdbda8b1d581868","cf695b91af99d7c5","1a724d0d23377c96","73556a2d833c0d90"
"0367462000011","5a06d081b5d6001f","b454cd2da67bb9cc","2c6d976cf830f9ff","b3ddd46470f14770","9936f961fa26728b"
"0368996000011","80116c48d893cc2f","af524b9b039a4847","f0439ba8a6c842db","33fdfcbc6f017dfc","ff37683c30203854"
"0371471000041","87b6a96a1ac18361","66ca7dc263a0fc85","fcf552794f3d1109","c93ab197cc47b80a","98498a827037aa39"
"0371884000011","88d053f58c85190b","a0fa6b05975302d1","9622a95d364c5b16","cf11936a147bc140","9506274f9ca7506d"
"0372389000021","b873bf8b4a992822","275bb9008451c48f","255d3138427d94c4","88c583c0079d88af","6579a7874ad26798"
"0373465000011","33f7b21c2a339739","fb0fd1d768a9a088","36275685c92a386d","d110b50733120b9f","d52dc9db66c0b6f7"
"0376403000021","046775c265609797","919df0b0acb75bbf","f5c515b13bb33baf","b52fb2d21174bf3a","3635fd79c214d664"
"0380489000021","7651ca2485d0d50c","1b4bfb26a6a2f981","46596db7cac59294","80a703f53519b597","a4bb162059349282"
"0382292000011","6bb515a75955c624","00c285369c969110","0558c8cf50089c92","df5c9db3c894aa5f","6db85d386ba44786"
"0382862000021","47f5d05a89df5625","67d2370cbfc07781","b58b7d544030b8d9","f7b45ad356df3469","0b9f7926dd0b93fa"
"0382960000011","b67f57c03288507a","75152d06772bf719","0b649dfb05a17ffb","c2cb8c1772c3a0ab","a540c7d84c1a350d"
"0384480000011","0bdd406840d680bf","2644f9b678ad0acb","f22135ba5779f24d","1c5ccf512f31f690","fc75bc4680a60827"
"0385703000011","45c81c62485464a6","a9a0acc01cafd211","d2493a6acb722a8c","7b21a872ccfd30bd","162df0a695a69b07"
"0386052000011","871231d3a2b09ba3","2272752346b596a5","c51741f975270a37","c98f056853134746","c294900c01918c82"
"0387189000011","1bd487f2a64944b2","db686a48250ac2d4","6ac709a5a5507286","cd19133c3065a78b","cff3c91d0419f757"
"0388208000011","74ba06b2a7b1f3bb","b2f11c30a909a44c","4a9343a8f95bcc2d","116062a206448193","d5616b531f12824b"
"0390727000031","3ff21429c9ab8fd3","fa26899a40ab3126","13d7ad24fa055264","8bfa08c2f92b3538","9ddfac75795a1739"
"0391469000021","ddbff2a8ffa46f3f","59a9b38d003988d3","728cd0544540115d","54477b805423df05","64c03f20f9133fa8"
"0392512000011","8916c77a3db130bd","adcb9c04397f924a","aa540bfd97cbdadf","9508d2cf50a694c6","536a6893c2cd8f99"
"0393309000011","52771d468a2facbb","9b9895c9fb3b240c","4198b0485f442a99","4ba7846d5f0da156","11c7883a25bf4c9b"
"0394029000011","09bc940010ad8ca5","c9c4c2505df3460d","c5b22f89f5397546","f648cdc8a2bbd26b","37bc2f6b5a840d02"
"0394364000011","47b0bdd94aabdf3a","3d18c609935cc09c","f8afb9b4d8a07ad5","96f2bf2825cb44b8","4380072966877b52"
"0397203000011","d82fba6f70414699","373b2ca7497f2762","f1391b15abcdb1cc","b8118588109a9017","f1c3f2a984573fdd"
"0398568000011","f7a88bb48a0bfc53","76ab899a84ad48d0","fc60907f436ab13d","d1ff76260f1952ca","13fd0510c7631f72"
"0398730000031","2499d51a97170c2b","d1b21f3dbf1079bc","54965744b3f00b57","a1bc0df7a6fdbc32","1673d624a758cfb5"
"0399136000011","07d676b4a7f83c44","83dab1acb74a2630","b9c31bf0bd568f3f","d22f336adf594792","a6f7a46b2c17bd7f"
"0399549000021","b31f9f3f27988d40","462dd86b6567a520","0997019d93b5d441","029763c2cc838a36","cbfaa4b6ba9404b8"
"0400323000021","88885ca562536cac","997f881bbdc409af","285008ca41363151","59351f850971aa12","b599bf1a5cb70c84"
"0401657000021","607cc36ac9d48456","9a220584fb4445a0","90641428c0b2c7c6","d03259f2a54df4c6","207d43a9b6c4462c"
"0402013000011","60a3aa64758c53c3","24d383ab421fa925","d3a1bb2bb11f943d","1466875287abdda0","2983b9472819d087"
"0402084000031","1728bdca0a70cc41","563bb1735c396665","c2a80c797f957f97","3784d1f14cb1357b","98fd8380606136c6"
"0403411000021","0c514ffaa6fd3ca7","771a21c4c658437a","868a6b412ab0dab5","b52399499c850142","570630dcac044af5"
"0406229000011","d4056dcaa701345a","3220c2aafc81f4df","720ffc3f39bf6746","d5f689012b3b96a5","42d977b4c2353367"
"0409414000021","988d78bc44f31f22","f470d114a6056aca","c50b9fd5789f5d6c","ab629b0b4061f617","3fb525ff48fc241d"
"0410296000031","85202bc333191811","7d62a2a565952aa1","4cc7fd44779d78f8","13c08041fc9c725a","2bd77d29b869b87c"
"0411196000011","d1439589fac2cd0f","0398f678b9ff42b8","356d5774998a8ac1","c975c1975fdca662","dc5762b2ad330b23"
"0412230000021","9d8449f8d2f7f952","9b61515b2367001c","216c2aa577c90d66","4b098cf2bf5dafd6","a31c265562c871d9"
"0414452000041","85558f57c099079c","13b10a6cc1188a28","dfd493c7b12c3bfb","87f008c5990a138d","06fac90d77b2c0b5"
"0415082000041","63d218d1471139f1","0ab2a45ff58f05d0","0c0c0fdbb0b25f4f","55368c485cd98a6f","6d299d114181d11c"
"0415102000011","8562243223c72313","4cf76221446139fc","34546376f37f833c","480b8a64bffa8cb9","84c0782505b62127"
"0420919000021","48950f9fb18270d4","bd154504c29fa03d","4a993c53cfca9583","31951798b8202f73","c7b60096f1589d11"
"0423062000011","a3963717ca824b82","f87b443acc5c1bb3","9916b6afa9a6c357","53952cb707631cbc","aba6c71ca6fca1a7"
"0423778000021","54299d5184fd114c","fb941c5237fff451","cf00c5d81cc42195","fd8df6d90bc58a97","6c477b1669ffdaf0"
"0425773000021","87dfdc9c8db0d9c4","dc007688a5c36197","3cdc163a40064b85","d233dd10472cdd75","47510218f89874fc"
"0426182000041","1b4f2451fb9cc562","b9296cd208189495","c82c96ad09f4f805","5fcc0baf3c780afd","fc2bcd968862faba"
"0428337000011","b50f575201226c12","32b41fd879b57375","bcc2c247a09519b5","737a08687029a00f","bf947506dbb5690b"
"0432576000021","bc1537b78845fdbb","cfafc59091f83179","2f6d5f6689398012","ad24c31095b6f6c0","67d8b4f811190288"
"0432649000041","962f014caa3b587d","f904b21bb27817bf","087a04fddc7d6118","f55c7c22bfca902f","b2520268669a26c1"
"0435828000011","0b139559a7fddd2c","97c58c178d6968c8","dfdf79bc31d0b501","f42cb8128315a148","597078918969d46f"
"0438228000021","fa3b7b08516b2901","d124b74a57515227","835d21748730960d","b08cd39d940b77da","b9d4d2f8ac4156d2"
"0438264000011","f3b210dd68489916","b78a3f444588553f","61c204d22f821bdf","07f5dad59f8395f0","f8a868d831b8829c"
"0439066000021","a107922770431060","b74df8300d4810df","6dd385828354dd92","6d3d30dd1f122029","2c117a17b1d47bb0"
"0441606000051","6590d3315aaa18d1","a001dc35da1141b6","a249c6230fc10539","280854fc09971b35","ba0af8157b84c381"
"0443938000021","a8c92008c1f7576c","155c17f6cc3a3ba4","9bcc3068952ff82d","d5613baba2972688","afadc8cb9a1b196d"
"0444647000021","8257f2780698ddc4","35d46505994fc2ac","19993fb8adbb3ab1","d92119f5af004044","a8d0306f1563a49d"
"0445365000051","436f992c9dc9a0b2","340dda17dbdba289","84af385042492cc7","8df8f76c48b74497","2d35d31583b24fbd"
"0445588000021","42b503ca0bb6fc5b","068433a2cd72da4b","9610f15f9583bc7b","f89c916212649d46","c7a44d7f8a967f33"
"0446615000011","2bcb103227c2bc57","042060523bdc1c3b","2af248ab734fc187","1262ca7d22fa1d29","dc998533dfb3dc53"
"0446758000011","39b467152d242302","a2302c7535b69ff2","71a24170687c6211","bba309b94689f4f6","7f5076107b605ab1"
"0449387000021","545bcf347286df4b","c84bd9d2db78a69f","d02cba44c8ac6b1c","c3fd051f8a126fc4","0c4b81c8b52fb109"
"0449439000021","c095083360806c24","7243b9f42405baf9","0a3d39c6b2f93f32","cb8d09bf947bc38c","0298872448b19601"
"0454492000011","68d92a7a585174c8","680f910f5ad873a6","4176b6d704a25482","f66b8477f604a95d","f4321d700228292c"
"0455914000011","47887fa46d80fa6b","03981d2f897b0614","ffd21458a9547dbb","40f1adffaab44b13","9095a50dcd82a99d"
"0456128000011","07a809bb1d42317a","9a49a331a783258c","994d179966585ca8","f39a522554f43510","b6f827713a69cd21"
"0460015000011","781b7880c36851c1","aa3cbb570b948215","a5a524b29d3f32ca","f649a1d19550d7da","4cf34671380bcd31"
"0461430000011","33f66b63cf42d724","83d106da9adcc1c6","78c637da5595c598","0c215b19dbc7ab07","97cdd308978146f6"
"0462950000011","46c9fd4c225d8d8a","7d80c3ca86754112","f0f591a7a209f5d0","c855989f8a7f0bcf","b4da2303b7d1cdb3"
"0467299000021","d3c0189929a69402","23103d30588a98f3","81ad6fb44ca6383d","07089c857faf8992","f87b6c6889a65371"
"0468636000021","a067ff29937b7c1a","212d45b9c8dbff1b","8c22532048a3526c","81daa04227516b17","cd5b9b80812cfdbb"
"0469270000011","9f52a794b26acd2d","43f8d2904f83763c","ac282f3d3bbb239a","8dbf17a10c2a41df","b88a0210bb92faa4"
"0471623000021","f3da61f85cb9818c","59a18d66f8ba1940","61cc75005a5963b0","4c391654fa24f1d3","c9310af1995a0509"
"0472146000021","15d9488fd8c72903","c604262ab31f2a34","53c782a00abd9cdc","cdcd41f4c3036da0","2acd897d6801adf1"
"0476876000011","fc38f50c7fd2b97d","6bc48fac3f734c71","0f97d95ca1896468","9c47335d285747db","a9bd47423715281b"
"0479141000021","18d17c8acd8d0746","32021c49828b4046","2c1aa9caabc5bddd","2230dc658916a65a","51792df050c46dd7"
"0480656000011","8956028358df0058","10dff2554435aba8","13340320305d3fd1","b0820a48b253442a","b7a866976380d07c"
"0480778000011","93c9bbb53180772f","561717615596aab3","46a6bbb1cb364065","41533aab815cd7b4","48c4cb4d26c36f83"
"0481128000051","849d869d69847b57","8fc2bfc47b2342a6","1386a35d71b3d726","10f15383d3c63464","2a974a7d3555d3f8"
"0481388000021","1fcd098b977944d5","9a57196732f94921","cad5b2747c35c897","820dc008a9c02113","6f32d8995b341bd3"
"0482112000021","ad6061c18bdfd4d0","c9f3b49b6867984a","06b914cbfa6fd047","4f4231d555d14c26","783b0b081da96f29"
"0482978000021","a7df910840972006","5a3a405da921bbfa","2fbb11f295274fda","d73f363c6649f557","f543489d0f014cc5"
"0483047000011","d7068f48b60704a0","a793d1579f0d3416","89d79cf0d835557f","63b5d35088ab1a21","9534d63fc70411db"
"0484372000011","6b000fd4467a6dfc","faaa5906b36a003d","2237874f5234fcd2","57008540454afda6","12db9fddc1ad9280"
"0487099000021","58134f4c76a194d7","115bfcb5729464d3","1737f08512dc7150","f5d3a9c5325c3f57","3bdf1b89b5a0c050"
"0492107000011","d58d34119328b656","729767c3a9802568","c2d68f02b4a28857","55ba336b4a35f70a","059fa6752c1fcda6"
"0492179000031","659b878361ccc42d","92a7d4a62b2ca152","4fbca3a01bc73ad9","4aa08a02d6240da6","3472b83c52807004"
"0493901000011","31f9745198855321","403dc776280ac2f9","31d39adc982b722f","c801f5bff9a59873","3ab424b3cfb5d639"
"0494336000031","ccc9c1ac81bf70df","f2d54701b2455cb5","a158acf98c5426b5","4656440fc0ab638a","a24d5d82142dcf7a"
"0494771000041","d1b90fc31205685a","df1959b674950418","42994c7b5709b0b8","9f7b0d741c185b05","2d049b76bd8412db"
"0497356000011","63bcc16a884499a4","4cc77576307f305f","d66dbaac867ca4c5","f105181c559f7c27","412250f7310aa3f7"
"0499863000051","594211709daa4619","d0a38b60310ad365","1193cd053f64f8ac","6f1463dd29235d86","2dfa197b6cc3a2d1"
"0499970000011","79b306baf7dcf791","71f9603329cc0da7","fad5b51f622c8aaa","7f63bf686c007055","c76874bf0d1cd355"
"0504134000021","9fa09d4871a54838","2fbadc0fac15aaa6","966940687b959893","a42010f820dfa904","1bd106407f501d95"
"0504541000021","380524f9acdcbc32","7af65b51356fc6c0","715c97c1d027d297","b1376c877a91b981","d43511ab54cc5dbf"
"0505408000031","c6247854352abbaf","593d4f02693b2895","7a57faa20ab66008","2d13f20274014525","022c65063cbc6cbd"
"0505983000041","0527d4546233d96f","025aa2b94adb48a3","d3ab5dbab2d5fca6","28d937022656018b","83d280d9a4cc7d83"
"0506285000051","56a109253979f058","240b1a8bf953099d","bd77adfa9a4305c8","5dad6f216f61ccb8","14200dd5333b8b4c"
"0506692000021","99d5cff3da9dc0ac","2f47da6ac3f09dd8","1074a6847bb754ff","b2cb7c8ac27c6686","983bc26a20cf0599"
"0506947000011","4af7583821fc51c1","15b01fccc2055c34","f19a34c2564238c1","56c1dffd182d0f98","cd4740a45a4c4c19"
"0507383000031","6f2f6f85260a34bf","0194d7f9d7093596","66252f9a35c97f90","239593fbc3cb19d4","9592512db62350b0"
"0509082000031","f5a1d0ff2c9aa1c4","6cd056f302747282","09150bc690707a89","86d0fdca5c97aa47","c28f110841d02a86"
"0510100000011","1c86414a84714988","47256d33f493876b","ffc9cafd2c047f45","187babb91b2d2558","b62b69228fab18c2"
"0511216000041","1fcf341bf9bab6ab","7ad2f10376256767","68442661cc972826","4a48d750f0d607a8","52408123bfdd5d70"
"0511727000031","7f38fd5298336728","00a98f6a81b0ba58","c9151d23fc72b678","38fd7b9673f8a7c3","d7717a5329ab139a"
"0512185000041","7072a643cf42254c","d4b0bfd148159011","fd2b1c8f7131d3b1","f31b593add2950c2","d7a5425793c19152"
"0514866000011","389a6851893f4b95","5b42b3f55fbf21b6","69ac3d2bbb8cc6db","67b8a633279d83c8","b53b272381d3bc7f"
"0515424000021","db3749744cb69440","65f1447f9f77f30a","d3732d2f14d943af","fa499d64ff53c34f","500a0b08d6bad83b"
"0517737000091","91d9c0f730c257ba","d57c830c693163d1","90f5ff73598461cc","f6f773b722f83039","b28153593f56808a"
"0518026000011","c954c518398286a2","c8932d580981c9dc","28c7a7361643b99b","0b19b7356719346f","fc8f3a2c6d40431c"
"0518519000021","29ad1d00b24fcb6f","971690d26dcad400","2c4a208cb9389671","88bcfc64b8931b0c","0d08c5689b4a9a97"
"0518659000021","45122a4598087cc2","2b869813d4a34bba","55aa2125d33b9777","a06c114c2ff440b6","09610271c4f3f2c2"
"0518873000021","7a857279d11307d9","d9066a477a0a5732","6d8d06cc95422338","16d6d7a914c37a85","74a72dddd8931328"
"0519870000011","a7d396ca1b1a7833","0604c77ca68ba989","bb10d7ca977b1cbf","2b4db625ff2ab9d0","3803d4cb6f539f79"
"0521520000051","421af389df4bc182","57aa8f70b639a521","6570173381d5237a","8693c5bd69f2a7d3","cf8420b51436caba"
"0522601000031","4c993837059f81a2","a6c5c10a7620990b","2d801c259d88a282","03fa011b703f85fa","906d459590094133"
"0522694000031","0f71f2f6f22b1699","5b317155a5a998d7","4d07c8d7102452aa","1411fb01a089c600","8418d8cca248fa78"
"0524582000021","d2d69a40843f7ac3","915d536f828821cc","69bc47991a1bdd7b","a3150b1ab5865a28","508113fa4195c233"
"0524660000021","975a040448a7059f","986f482525d16103","493465138bf59259","6f4b1fcb715da6c5","42646967088bb44f"
"0525725000031","041c0b978bc46617","64f7ba3b07799332","4ff5b3487bdda621","f25ba82b4776a7f6","7d3f7319bd9644a0"
"0528197000031","bd6301b04a512179","6b46145dfab23df5","8ddb7fb70f933102","760d087f4db1f700","3c12faf7bb16f9b9"
"0531305000021","094f7b56f82834b9","cad88c392f205db1","8a170ffcd2900009","809b1826123c786d","b5adfdcdd11d1c52"
"0532688000021","59d377ca8ddf79af","f7cc0866bfcddc2c","2f6474a48f4908d5","9a7ca13d95a98f53","0d9c5fb1af2443a0"
"0533072000011","948a618598c84f09","05a6cfa15868a506","31fd9982514987c6","49f9b30bd6791d0d","8d3166d0730bf7fb"
"0533160000011","17bfbd20316805a2","dafb502139b96f6c","4fcaaf12b65452c8","43840f8810dd6193","4d200976dd75fa87"
"0533427000031","49cd9054215f7589","a9a4c58c66a76cd6","06d7a2f79cd548c2","d91613194aa7a9c1","375a8b2abc70d0d5"
"0537330000021","daca003fb5ba50d4","48d547288cc2c782","0b8f0c1f546a1b32","d6a531fb6a0ba778","660dc1d938213288"
"0538714000011","ba3acd5c4c45c711","118bd22399103229","868c313c6b2f8a75","fb98ff9585563a2f","21731f9b617bc000"
"0539258000051","7cbfd39431221770","0d37f04fc491f1d4","fc0735c52f122cd5","4c9461458987d912","56632c161af88486"
"0545604000021","b0007b62b8d8f847","1d0f2d83f18d4469","83386289a503b23a","b63026da108c83c8","bcd1d816887fa073"
"0546822000041","389d0564b7f829d7","b21c467f3f20389f","947a9c635533939b","4cd41f3a37ca4c72","b86036f773b75d84"
"0550280000011","6203c8c63a9334f1","4bcd3819b2ac7a15","ca54703bcc184301","18518dcf8172d036","f9cff74b33468683"
"0551245000011","3df4671d51cc8b07","a6867c8873c53551","6dc0f582bc3ff677","d329327d7cac823c","cfa5cf6dc7c7331d"
"0553074000011","bbf798b9bd160356","d1bb7928f4613b5c","b2d064d631b38661","f5c756a42df1776c","19bad7a37cd5abdb"
"0553512000011","89f6c4a0a8cb9047","dc78d0430cff27dc","817cf9c975109752","4c09d0f7d2db9731","8b883a1831c1ffbc"
"0553730000011","6cd95733dc9bba0a","9048a1074f719b49","65b5693334b3cdb6","d521d16a0071b86c","8d203b25420af5f9"
"0554342000061","cd7983c7725c806a","c60b3d43c2665bd9","86c0b019d216fc67","60981cb6a625620d","fd792a71cf05720b"
"0555476000011","09b50b66421dc710","aacc2043ca5d1bc2","5a8d830302874b83","05a2f7c8d7cd8fc0","13f71dbcd077af99"
"0555919000021","7b6c31a454b82daa","4164a0756c141d83","dc95d533cd1d1fcb","d3cfd45446167ad7","d5b7f8687dfbc719"
"0556501000011","32c633345b38b7f1","556b1f198b7fdd84","b6bdf30a4643318f","5f65502f2077da4f","98cfc08511210587"
"0557042000021","a171236aa32d26fc","520169459afb7d68","4ff82a6fcf05ba4b","6bf5b7f21427311b","a8ff318c3756fa60"
"0557842000021","3ffbc7b5347d9c3d","1324a32924973db4","4b7cb0d3bb8c745d","1d197b9b8f413cac","55aff20115402aaf"
"0559807000041","821acf7404483dc4","96ba09da08237d11","543c50615a772c02","951f455cd8f31537","ba07b8a217413c03"
"0560953000011","1183dc6f87b61fc9","82650acd579c396d","0fc3cfd512903c62","c2b677360acccf94","fd61cb8f56818f82"
"0563101000021","538b7f8b754110fd","a22f5980560af779","d799d21f0c468328","2751f9f56a678f90","39127274430b09b5"
"0566796000031","c518261db2c1a174","743960449d90d872","d7c884fcdc3ad7b7","743b88b973d1d677","a3d923196a241782"
"0568595000021","aaf490116bcd2975","dad8b702020296b7","43627a44bb78aa8a","a37cadbaa5bd3f82","6b377bd86fd5f897"
"0570460000011","b22ba098a607c1b2","24817f12871c20fd","ba7bd5f6c7bf5ccd","227dfd248f2d9c0d","1817dd5df569ac84"
"0570904000011","af40dc146f5dfb07","9b2a2ffb78f74d7c","97f4f3bb13585a7b","d07624b61c0cd0bd","af24b737390821dd"
"0571688000021","d0222aba4631c3bf","fb9d15333718f1da","82133f10ffa0aa47","8fd361f649245c1b","dccb76d641553580"
"0574317000021","97801ca3f1a9c369","41bc01a1ac5cb454","d080b68983472b7a","8a81d7c6cb606560","ca58911d4f1bcff5"
"0574687000031","bd913a6c499f1d68","5cba2c7251d3fba6","f46822d86341ddbd","445a4f3b15d48f94","ca822f71a0dc5aa4"
"0575421000011","d36456d91dbf85c0","801f0bb250090b4a","b301963da79fb5d7","23fa69f231f41b4d","f86d8013a85fc103"
"0575595000031","dc82145b45dd9fbd","85c754bcb7432295","3846408a8b7f81c7","8624f9d9f16a5f15","a56056d9babab3b9"
"0575602000011","3810ff1725c722b7","12c52f6b6144d17b","b217d94da54c283c","9fcc9b848b842dc2","513b20cbc4d688da"
"0575690000011","24dc306415bcb8fd","910fd3b235255a4d","3357c498c2c241c5","f62ad0bdcd09c34f","890393091ff88528"
"0578123000021","c08ca335dcaa8478","30d3d0491c27857f","810499cfd993f634","98b08f46ccd56a76","80581caa4f791d92"
"0579039000011","f14b6a6037baf5c2","af3f3ffb8fac0a5a","f4913525bb09bd96","7b6f342536697fcc","111a82267881d35c"
"0580206000011","936b3cdfaf83745b","d3945d4c0d3c0376","4db5ad6fac981d32","651cca6a7f32124f","3aaa61079c867a16"
"0582305000011","c1b3dc76227a0aac","c0249f93623ca417","a84fcd24f2753f76","118cfd68022536b0","f01f1207078dfbfc"
"0584656000021","9bf19dc7dcc5379d","2972702dc2bc46d0","272c42cfcbab2ad6","f90c1593a24971dc","83daf2bb92b3f7cd"
"0585113000011","a55d6f2845112ab0","67539dfb8968b8da","5adb1638a6b4b67a","3929c0f767b71a59","3a95233b514449fa"
"0586168000011","4433f553175a08f7","dc1916b3047048ff","3bf358004b4f2864","24155395089b1c01","29847d0a7b5dfdb1"
"0587279000011","77d654c435cb53f0","5f1b65041076c345","0acdd564171cd7b7","f11fb244d50d5212","6fb01afdc2f2c310"
"0588033000011","f07c1bb0817301c9","498c3b135727a80a","6dfb678c4cd47b48","ff96d56dd0f294f6","d2519c252cfbc6b5"
"0592807000011","fcdc684076f0793a","73ab642b3f4f1b7c","37fbc6626dd94bb0","c68685858d23b926","6ccd7a7022d36dbc"
"0593132000041","05ac42737b841a86","4ad00c6c46f30882","5c06995714f10d51","77b0097d9028b849","54a4f5fac99d1b3d"
"0594925000031","626391ac78f8cad4","309839f5d16c600d","8898bb7ba2ad3809","164645517b916a4f","9c009d992b5f2405"
"0595321000011","31cf92c1f79b425a","b423760f1839a81b","3d344383258ca099","7b40907b1b847542","f17d240b990727f7"
"0597435000041","6d598c908696845c","09804f6a9472d570","2975928459488f2f","5bfc0c7bd3a1c4c2","ad8c7cb0aaa6ba15"
"0597747000011","53fac1cfd8c1cd27","679972c83957d7f5","25a3c18a98cf1d17","11f419267df51ab9","87a1d314d41ac9fb"
"0600507000021","f7dd370d051448f3","789baf65c89fbc14","ff27a4bfa7d90734","dd7d0f44af52cd1a","c3277d281464dca2"
"0602623000021","2d156c6917987872","c182d14b05b2fbbd","92d5db47816407c4","ba1fcf53bcff3dab","0a96167aca2daaca"
"0602648000011","9900888a93233fbf","930d0afb1a5d68b7","afbcf9687648df7d","54c69f821d89566c","4b75619189fbd01f"
"0603114000011","0ad4570dc72818f5","10d87243647f5c87","90c5b3fcc569b9b3","cc98dd49a50ca103","cd867d4f4682c618"
"0604379000031","5a0abc11fc839852","735cdd67c28382ff","d313d05508750f53","82a58c0312373ca4","a85d1f76dd55cadd"
"0606236000031","33bada8dbd985997","28c08772ba4d1241","b216d35d0601cdcb","4412244db9934d20","a716cc5d7dff8469"
"0607788000021","527f9b21a3ac969a","82aab2dbb6f6fc23","984271fd5c18a080","100d4a3c336cba81","93320d07b546d800"
"0608700000021","b9afc353358c9377","85a6f39db440acd1","b9680270916a5091","c3c6609047d7a435","57ad813cbdcc52c4"
"0608818000021","119593c1527c093b","b22ff958c42fa80c","6cd3510872aaab00","fac02560210babdf","b3fca630bf57b38c"
"0608990000011","0fc07832f2a075d7","5fa9ffc66f34a1c0","7cd7bfb8d091c634","c8b60a132adc209c","954caa1c2342aba2"
"0609223000011","c0a8866dd88f33c1","ba4a02019294ca8f","44a85c3d724d8186","6d87c6dc4258671a","f8fa7610f31d7b42"
"0609291000031","1aa8fc190557cf19","9f1f33372814f5d9","780402298a559b58","ccf0681318638ad5","86d13444d36a81c7"
"0610663000031","a45bfb8038c25852","31f154968f56016a","7d67965d8d986fa1","d0d2d86bca40870f","b3cd4425b11f1246"
"0614869000031","aad0698a16d73f61","47813b94701a8f22","d1f7c97139b41cb0","8dc8191560ab71cd","9186304fd4b53810"
"0617816000021","5a63f30dc5db370d","7f18c28140924623","a7733d34f5d80d2c","b5ba2c2735664183","242bfca2f72c3fa7"
"0618295000011","0671ca30d513bf54","b4108237a5b49793","d8c7d17f23ba6776","fa63a7f9da75ab9d","9a302a1adb0b9740"
"0618643000021","3b71d011b335a240","377789ad0640d102","c6fa79d13c406859","83d61512567daf6a","b5a0f679cfc87da2"
"0619152000051","522d8920977c25ba","f71c7920f38712ca","362b1194d8f32673","131c27f427c3cd2b","0cfca22201c77416"
"0624274000031","a541c347148cf029","0d89433387984b32","d435b8719d35b1c6","71b11d83073a61d3","10641846ff9f97b7"
"0626634000011","a065b88542b8d7f3","95391bad60291527","763b43514fd0441c","7bddf5137f3337ba","945ba84dddb30b70"
"0626667000041","34c0320b6bdb79bb","a140104d193b7f04","53152150f42df459","bbdd95fa29c20036","53dcb83ca1999c0d"
"0634052000021","c83f284597472da9","d64446c40cd7c646","1a897f75da22d2c6","42a38da624d39ca6","a0f80ffd1fa659ab"
"0635754000011","2f438b5596313627","5dfd9146af47fd84","bdf0f7650abf751b","b9ff621a00d5f5df","6a06b50452fd4168"
"0635970000011","d1748b2cc4034b9a","94f522163505643a","b21df6abd22c4329","bdbffad5d53192ab","4cc69f183a7a8c94"
"0636261000041","4d9d17ba847b0825","749748aa03606850","b7a195d0d5f9c590","d452383f7b6214fd","3c9f1ab894296f65"
"0639627000011","c98aaca7af6c80fd","c373acbfc90c70f6","c6baa62780919388","52061126628623bc","1a32391f2d1d7042"
"0641203000011","c7d5887431a24017","6030d328ca847351","6ba4d46fd445728b","9781751677683f9c","6b09f5792bc4683a"
"0642043000011","9aa3f44df8f29289","ff340835ad698a78","17d5bfda47256f50","a3b21410f2f26af8","f9c6faa122dabf92"
"0643666000011","a20f9480bd0fd966","85a0ad93c60345a5","fff688fc12aa4c29","f4d4d661c481c70f","66436ff34058145c"
"0644395000031","77b52170419f9fb8","4f63697826aa078f","8d64802704d98b6d","3995a48a6c24da7b","9f9a286c1ab376fb"
"0644560000031","2f3378435f78b214","bafb85708530aa37","da972ccb35067848","1290cf00bc326a45","76d3a4fa69ba1668"
"0646806000011","c235d064d9ac68f4","558a999aaf8c9bcc","f7a5d921fc3f7abd","19fc1dfb12d1052a","2cb5946c3b07b69b"
"0647982000021","c152cc3d401cf631","fd2dc8c95107b00a","73b6330b357a703d","2b0f6bc9423f8adb","095f0251b4b8c5f7"
"0654211000041","70599f4d2f314dc0","a90b179a39255942","5fcb8af209ccda6d","baba272d253026c5","9fdc4863918fdccb"
"0658422000021","225752f68bd9b43b","01a124f369193f9f","d5869d7bd1993b34","f2d988425cd27ab7","59b997d2073c08d9"
"0659447000081","6b727288cb46cd4b","24f5cc3dffdc7432","cf02b77832428c08","314a7b5c58a2c378","148972658469cdf5"
"0662384000041","fc26cf9f1d2802ab","86793a3d5b56c822","87c08fddcc1290bf","d299f014089196c2","8f66999dc5922f8f"
"0665297000011","a8126d976d34bdc6","df0c3d5c2f071833","09866589a827cc67","373033d25dfd6129","a7cbd58ad4871714"
"0666798000021","88da556b781675da","20b43c0b0cf614fa","7432132782a34f50","0b694c5a7c3ff909","5f781376c89f77b2"
"0668677000011","3b3d9dfb0d022dad","42f52f623192f92a","962a38574dcd25d7","509350adf4950a6c","93ccb92a64459054"
"0668903000061","f7bb8ca75b588810","d6c2114d614c5a5b","987b75f50978451b","a1140b43a7173976","49a6b297fdf79325"
"0669273000011","93847548f3dda2bf","cff29836f6cb714d","815b5c97c296ba9d","bd8b43bd991364dc","215f68f386cf6bc3"
"0671515000031","a78c1176c3a5cc2d","d414188fc9022a5b","77776220dc24905a","73a76c8bb4b67a1f","0742b2879a9956b7"
"0673848000031","db81df87360da78c","92c99d0bd634aa23","14d07b7c0d70c502","7ff8d32165501691","775c066052945db6"
"0675509000011","0545f74d51472c8c","25787bc50a4f0a55","bb4f3bbc7b525874","7b75674f3d1ab508","0b9f6455d613bbaf"
"0676249000011","351d7b0884f7790c","9948c515327cf28c","6085b405933b3219","53fa2a4718c85338","65484c161bc4bd62"
"0676394000021","270bfcc1b64f5f6a","f8d161fd215a92f5","4c4d2ac9ffcba8c9","860749bab3764f0a","c6bf608c8c54f9f2"
"0676399000051","3727d6f76c55a0c9","f2644983bbc4f206","1975c490ab1dab21","24c9d91a5fc835a1","f44ac65914049059"
"0676403000011","a95fc025d211fd4c","5d4b3471715708d9","318fc19f6a6c4d11","7604ddc5a0102fd4","ca834f877228c0ad"
"0683065000011","4902d51b0499c6ac","3a6008db37197b17","cb3238b45d7c0ccd","048f413f00c6a534","a0326a65f72a1fcb"
"0686715000021","05d3ada2bfa66313","6d51f17ddcba9778","14a9bf905665f36a","3480809d582c3209","078899987d562f4b"
"0687044000031","8411b105063a9164","75c3167a2a0b220c","a34052a6d039d53b","37a46802c70fb376","2b739cfcb9081615"
"0687054000031","42c29f9b575faa1b","8428431c17240624","34f56b868079f868","855b7ff827a619b9","daca7948b300b637"
"0687077000011","07133a4397bdd2c9","d2b4f35571cd8f3d","04a88fb3ac329d24","3a07322b293ca240","b5bf015f5277c63d"
"0687793000021","6712f814b8373d56","47c51bc713c449a2","3769f392f8f3da11","508000db61b0c459","3a4f9cc795a3a429"
"0690814000021","59f1c046f210dd3d","9cd64b0d8320b8f2","4989d2bd83b72b74","919371aac4460c55","cad00f345b398ba5"
"0692223000021","13f30006c700f601","d07890268ab6246f","772b5f1544f83306","59c59bd4976da7df","8c855bbc7d743a92"
"0692325000011","96948bc820544240","3a844099a776d853","9ff87656269a9297","4746265fa57a01bb","1534f1fb18a7c87a"
"0692604000011","d911280cbcb3cb1c","8cb2c9356af64528","52701333c6a265a0","6bd23f523227b36d","fc4a3f7d82872343"
"0692974000041","b52971b32113a2d9","032b85c24dfbc4f1","a0b1ca1573dff5cb","a8cf967a319cc29b","c9655665ddbccd24"
"0693338000011","1c167a71ac714ac4","db7fc20f648122f3","9adb06f5a9bad75c","1578d573422f9603","993af3a93a7359a8"
"0694261000021","dcb7f30bc9b50a42","3441625fc91d6182","61951fb7869a399f","1b9fdf789a7c7921","b0076c75a671a69a"
"0694394000011","3bb41242281a5061","91d47fdd04099327","2782d008b9193f2a","afd0179df39914b2","1975bca5815f130a"
"0694880000021","89cc0ba6f641f87f","f13003c84a23db83","9fcf8ac06406bbd0","c198174d630dd13b","c4ab7389670831bf"
"0695713000021","98f41b5b99288a63","6cf30a640a385327","2fa3538932508dbb","75100c4963962af5","285a325d068482b0"
"0695886000011","1f4fc963d937f916","156c3d049c7a27af","c71300a1b5707c74","544c6580b98d2784","5f2423d08d4695d6"
"0696249000021","5ab1a2f439257578","d98fa868d246c47a","65f424cc47bc56a5","d1545568d6116fff","44ffa844afcfb6f8"
"0697138000021","a660306171f7f1dc","dd891946585d0a70","fcf469a06f44738f","1026f99c53fb6705","fb56c3f897cd010b"
"0699755000041","0df9d865b7027f83","40ab3fc79d221289","bcda6a8657a36892","198d49b4a8079dd8","5394957f2c5a236d"
"0701856000021","37699bb97254806d","55566149473ca896","17cd29bca896f4b3","c94453a68416caa4","65219d59d2106a66"
"0702887000011","b0d59c1a6bbbbbc1","f505898ad7202c53","c06460ad75803994","d50d111d519fc23d","d8df1325c84b9cdc"
"0705606000011","25792dd890bbb695","03921f0932db4218","4b978dcfaf389540","931c4a67c78278ba","f4b2055d4dba8523"
"0707185000021","a32f86f7d4ac65c5","f3462c67d12a1aa1","839dfdd70fb13c3a","6986a45709af7f20","2ca8092b03991f1c"
"0707446000021","5d067c17545a3100","495b2738961fb680","fcbd70b6b25dd067","ac34f79c660609bf","1db3d0bc9c0ac576"
"0707775000021","a4410d6c2f91a15b","327236910673c12d","dd01bcd93b412056","c932b46d634fb5c8","49a30071ab3a2872"
"0708004000021","816bf85b4f909c29","46285fc96583c027","2d7fa6068d7b4665","6dacf4dd0dffc12f","74a6d7dfa0450091"
"0710504000061","917cbdf86d917cb9","c937af5a1754cd7c","bc9257dbd389d778","92487f60980b8257","d4f0951b55996681"
"0711970000031","149bcba7adf6a61b","5ff685551ad73109","59a5bb327fcfd9b6","015ccb1617bbf040","63373549b807c4a1"
"0713177000011","6451c65c02847ccd","0a41bc481db3c90c","a1365bb233a0d70c","a626348d9f1a10f9","c3176bb18db47126"
"0713658000011","61ca82238c5fb98f","41b968d6b774f7c0","693a47285076733f","3c1d444a860bdd83","4c34bdab45fc9d67"
"0715372000021","7dfa3098c654aa0d","8216a536f7219d4d","312fa3a49bd8455a","202229a7f9963c13","a680423527d71390"
"0715557000041","0c104075b9969304","139d778a9062f46d","888fc7fdb07bbdf1","f1fb34d49a0374c1","92d0aa022d58180f"
"0721418000021","3293d4aa78cbf183","f9cac0980fa0b086","427993381925d4ab","a099db8961a9687a","993c0b24129cda79"
"0724547000011","5f97070dc04b0337","9f0a1a3fc35aa717","b673298715c8a70d","aa4d22b00a65428f","94c80b2c325bc2b2"
"0725829000051","59184c58fdd8f5f6","281fb32c5498459d","3fd3747da0d37367","d64f7ff0908f20fc","4fc36a5017d6f69b"
"0727241000011","827c463b82d79135","4ab94a7654c82465","ccfd190755b52943","d9ff6bf6cdf2259f","5a81d3559fa77533"
"0727968000031","8c9340f1754a2dd3","795a8f8bbbc13267","c0a1a706b372a785","3ff3d49c3a602cbc","b69c637142c2bf04"
"0728122000041","8c1d07948a182374","96af71c85c83f1b4","7620a2775b979c2f","9239fa764612a1db","976b1916c3888d89"
"0728594000011","1c960f6b1cc120ac","f92bd3400d2ff013","cba9437602cb33d1","3c9cb0582c5cd2a1","2b850474f8c50496"
"0728735000031","b30d9cf621514701","f20a40fd5fd2f46a","853b68dfd55959f3","a335bd5dc0c383fd","1949c17c3ab79205"
"0729053000021","cf0a420a55029c51","43d1fdad65c34065","b29d6bd765144742","6340c2045da4a46c","5a106faaf747bd80"
"0732960000011","f52026d4479abb3d","03b9ba0ba0fd60a5","79c7aafd3048c4fb","2d3373237fc01666","d3a83653551fda71"
"0733572000091","95a5362f06b3c67f","3c831b80231525f9","52b1c301f058133a","c8f8bfa9ca3588a0","d6acf5b4a3073b79"
"0735565000021","8288b3846da86989","d1535bcaa3d6c4a2","8a6c6d860b178003","6fdf454641082c44","134dc02f057b5f4a"
"0737435000021","bfc6f144c1486c73","56abf6d259f43bcf","17c7a1b1a97d151d","465cda7c8b85fa97","bb679bc629a736ab"
"0740414000011","3d3560f2ba264cbf","60b663935d7bcf85","a0f09738f233572a","d472b10a54222a4c","adc51af3bd28fc4f"
"0740535000021","5d24a9b2fa628aaf","f739d432bf3080bf","2da75778482f58fa","2a2bc9bd80566f82","1a19546665bab356"
"0742528000031","893a5bf4b8278858","5991afdb0bf628fb","4361d4533af13841","5f2c943bc5297ad7","cdb78b4947339627"
"0742834000011","f92153370261c07b","d13a61a1f9807220","7f97afc26fb5fbbd","21884bdb39d49b25","9612fdcdbf45239b"
"0742945000011","8fff3a29a7400d96","69724936304c649a","6aaf38275b8b2708","554a91926243092b","09c566b1fd5c7106"
"0744317000011","a6b9357df507fa29","3a4166ddac0c4404","0f81207882653dc0","a58a6280fd884a7f","cd3152389da41ddf"
"0746199000011","c163c17249d75612","a2b5ffcb84373947","5ab87f1bf2869385","1527138630a17b26","8232971904b54730"
"0748144000011","8d6da19b3fc04ca5","667d543f1362f090","89f8959bdb8dcbd3","0064b771a0d82816","d86010a8125b397a"
"0748360000011","b09d3dc5fb1546b1","5d27dbacf943dc18","c9572667cbbf6f52","04b40c1c92c5305d","44a259c27023d9a4"
"0748415000021","81431620c210306f","3caf280a2cba5607","9568c645119f5b44","0d13175709087615","b6c51d6b1af9115b"
"0749380000021","318fd40673f52818","0dfc259afb34c4a0","1621b2f1d407afc8","d8a8f79d1a22045b","4b43d894622915a9"
"0750683000021","46ab93986a898b57","396cc2a09b70552f","91cc4d62acf2da11","48f25c5889d685bb","3d24b48640632c69"
"0750974000011","b6351b27b2d445d6","3a22254c2167f341","c9a08ada2296dd97","86f6b2b94dc51ff0","64fd707d86bbba47"
"0751014000021","7886618f132bd803","aa2a28095b5bab9f","a3da5cdbb1f20877","46c0134f3cd441a7","a6174dc2c5d0949a"
"0751152000031","44c9c0c74144fd1d","74d59b17b22dd4bf","d556207d306d7451","c5cd0b18694313bb","047d26238892c926"
"0754066000021","80b13df648ba2fdd","6d30b146f88c5cd3","df7ca2b0189c6c74","021c9f115b18a73a","6f786f3f16cb3cbf"
"0755487000011","3d5453b32b41b5f0","fa371f6c6b231091","68bd03a80d78a357","20b7f3899641b919","227991d9b8684cf8"
"0757358000031","66a7fc313c8c5db0","23319a929776819d","2a3114529252fb60","ad50f284a18c0a64","d13943c13f68d075"
"0757990000021","9274b7d46f042733","a0b6558d09f41f2f","7512a470ad81a9da","627f3646b1580387","6395477185ab7c63"
"0763119000031","755c01a7265fc8fd","9a90cf456c7830d9","56c216bc700f9237","973c6685723106d7","44a4fb395af6bf2f"
"0764363000011","3c25f0c4367d48ff","8a3819b71b317587","a6087c01c4c59a9a","1acc8ff799594c2a","dcf04a7c1c39bcdc"
"0765943000011","c3054786d22fc04a","98932602c794395d","f38f731aa567f3a3","d8d681a3477f0d10","4cf0abbd18c326f1"
"0766415000051","50973b8852f13974","632ac1f5a7fcf8f3","97a5545d5495fcfd","9268a4cfa72385b3","2a35f53826fcd582"
"0771927000011","12ad2349b2df8255","79721262405114cd","f457d9f14838d306","1c795d6102d9bb26","c2b9fb9a6b6d1d6b"
"0772015000031","37787964d2f42afa","33cc0db5d8937387","88488a78f0442f73","d6dada8088cc1364","7984031b5477b1aa"
"0774630000011","497687100fa7abf1","459a9a3ab0a388c2","b878a8c78386c940","8c895564d9ba570f","6c4f277f289001b2"
"0774696000011","7834ffd3bd93c879","8d115f3c1909f03c","6cab9123b67af423","5b596f7d9b5f3086","65456fac0a3f37f5"
"0775088000021","a3b91abd9d1b0095","59281c9a59fdd7d9","580530f718d492f3","86f8d0dc02975df2","8f512bcb540c4060"
"0776070000021","a2cf18f40812a11d","d6415a8bcd22b00d","61c20310196a0859","1092d575581a86b3","9037afc1477dfb5a"
"0776825000031","6b9cb66928926b19","c3590141da6f0870","7d1f07ac46b3b430","006ca626651b2a46","12b73940f212a2f7"
"0778130000011","a90214d712b2a361","61716b4c0258d612","a3f7ddad4899665d","4f6cbfa35636b9b2","8812cd7cab686cd7"
"0778853000021","a637850f5704c052","055184cfcb2d0235","bc12432a231383f1","226dc641788a0707","a521085b49b7f993"
"0779841000021","c43048510b3028aa","d9fc2767ff899f0d","44bcf446a8658f14","b1ada1c620b8d9a7","72961f6b0d9df9fa"
"0780113000061","7aacbc6514194a96","882ab3b3fc222d35","b23d9f48c3261083","ba518542b1460156","17a62dbb60002680"
"0780841000011","dab5c86c6f285d7b","d95c7d9babc1c99b","1769669dda0cf324","fcba092c6d3f2675","d1669bc2d55b0b7d"
"0781095000021","3998f11c6779a636","f24077c212058d53","4044d527c030aa9b","b4bfa7757d112920","8f38ab0293d2d37b"
"0782121000011","88d0d33ad5d55060","57f7f5db68a22511","93fbb9f2ccb38299","6b123f79f7cfa53f","9b3c1084d567b776"
"0782402000011","67d3b4d2dd639f79","1b0f7cc4b01fc3a8","7728366d0d749f86","fc7727aca53022b0","40a470d321a70895"
"0782548000051","a20d3bcaa85a7390","1ac20bcb537b878f","6d21ff2f3cad181b","3a5415018a5c1f22","fb494d243f1b895c"
"0783289000021","a2a03f217b44cf9c","44f2399d0f4a23b3","a6886647ac306ccb","796c836b91a57456","c6163dcac108d5bd"
"0783581000011","05adfffac0f4dc73","a90250a1f321f988","87d8131490b42f20","51d03333f571c1c2","6328013cba4db23f"
"0784653000021","cafc73440f008bb2","377b4c170b7b1f5a","d1953fcf6710df26","1c7b667cd8bf2b4f","a6c8799d9892faf7"
"0785079000011","625462a65ac420d8","4a6200c74837bc6c","c2bb58918385ddb9","9ad7761d9c884bc4","cd850130aaa801b7"
"0785622000011","58569c949a2319f6","c29b2f9b82d90898","d29f053a01556024","f96873a606cac2db","b1dc657a7955a14b"
"0789337000011","6dafff45128a357d","30866cd13372a58a","6b808d34959671bd","629d4a6498c04946","0b82ca53373b0255"
"0792234000021","ad73ad7a070cf4a8","a1b7d29b9276a745","75aafcdb8f5c3108","63588bc9d74402bb","d0fba6156270db11"
"0795243000011","ab03c58df5ffc909","d653dccdd6481209","2ddc5f09ca27ba4c","72a48488219f3014","fb4f3649a4da33b0"
"0796828000021","ab3dc995d96f22b1","fd379f274d788a2c","f58dc46b3d8250c5","ba1f6d60480d8bc9","22fcb2572a70078a"
"0798871000011","8c8a911611c4a165","043b2d69f3f4a425","dbcb268f17a4a061","d5f9b294a4611028","94fa5899d939632f"
"0799111000011","c12b0cd7839655dd","2ab84d3d87155280","808fb7715cd0c7b0","ff14037f5346f98a","0a16db9cf5449520"
"0800953000011","021dfb5348435781","bad70a5857a851a6","a3748f49f38ff460","caaa1967a8456483","0992dd833ac64b19"
"0802121000011","bdda8ddaab73005c","29c7891220dd89fa","0a4cb25cc363190f","24f867dc62d46785","ba8f1a39858ddd42"
"0803281000011","27d8a9dd8120ccc8","524d7294340cf6b4","9bca2d5534413a9d","109235380698bc68","2f65d02c9269068a"
"0804175000011","6057fa16223db178","5d1d820aba864a30","4fc32cabc287919d","53510338418806a3","07ba57f4651939b3"
"0807771000011","46471a2d65616793","f7c884a5fcd803c7","b05b7c7591a40df7","09b0d7b993aaf68b","275a0290d5b398aa"
"0808280000011","a1899363746d9f35","3c09664048b49b81","aca8d0007a7b14a0","41a6640a246682a6","6f98b49ad6ff3244"
"0810299000011","3ca8a4ca13fcf8c0","19b613d745a278da","91bf188527c50570","1286cb1076099383","2f5c203857b19ada"
"0811037000021","b3980582f10569c5","651956a3022a1632","b53334b427dc3a7b","4629223520049c95","073b351705826f8a"
"0813271000011","b4d2b55194cc56f0","3702b4415cd4cb99","7a65a121b93fb5f8","b55c8bbd413a481c","411afbf976760cb7"
"0813597000021","ab2d7543dbff9238","876c27ba2b17d600","a8cb6b14bd81ff34","6d6543acf78b488f","530d745062119388"
"0818490000011","b0f8ba2a36053391","f62bd111bb735ac6","16cfd44f28653da1","5440c0c77466d0d4","8b00d95dcf81124c"
"0820149000021","069ab164107b66dc","110658f47bc8648b","a985cb5f4bf8299a","1414923c591f03da","f7af8bd13c6b72bd"
"0821109000011","852ad93644cfa782","33cd13a4dbd99497","d7fcbc80820427af","72dc85ccd2b64472","df7592bd0647701f"
"0821500000021","ac72329d6a693c75","03b4f44b5a2120c7","f217aa986c3c4fc2","8928d1f0fac52891","96627b3dad78f815"
"0822386000041","1063392c63b60bd3","955b7fb00b12303c","50b645dfb51246f6","6bfc32637f4f319a","6115c4963d032f67"
"0823937000021","5559468f25ab2a89","702d7a5fa03d71d0","fa9dd40510a03b32","7a448f7b09944479","031f9c503951ca8d"
"0824967000021","5f61d0cb2ffc0779","368a895d2a505362","62b9148d2b80f325","936ff1df165476a0","db38a4694ac685a0"
"0825879000031","7d431617c4764fb0","47a618dc1fb948f0","6081f8bd66d3868d","afc3205ad4dff2d5","6fa4c7a4c31b1d4b"
"0826357000031","a3ff52f303cdab29","95b579d05231daf1","0677f58987b137b4","4d53519500655924","069909aaf2c88932"
"0827079000041","3623aa6b00b0786c","f3196f748c281bcd","3f79ca30b8879249","b46a7dc3b2b0c8c2","41a16cb1fb8f98fb"
"0827168000011","7993f65b214f2f8c","c224b6aa75257d08","3bb90c8ab0b21f0d","b3bcda065acf411a","4732f4777356c0a1"
"0829639000021","c18d45301cfc9c4f","7b85d6a127802ba7","09970681ad83f965","af3780a1f079c2f6","b191f7af57fc0797"
"0830213000031","76dffdf6c6a7a750","b14135fb52f98418","aa377c4fac1db579","221a6ac0d0c97ddb","32df8a8041793a08"
"0830813000021","2171f6f32d942a7a","6f4728bb6c54aab3","3ad2ad5ca0a27064","ac2bc48d3f509719","446065f2673cb429"
"0832206000061","4ddbd7b8dabb5d5d","fcb1497a7101d3bc","c56a18d4a08df813","f8291b1d074672c9","375b0f8a02ff9064"
"0834915000011","50ccc0c2cd77bd4f","b5210b8370a03809","f0d208438fb30cfa","093d832d9450f1ad","365db3998413f627"
"0838137000011","9515b883d88757b9","5fcba729b7dd8ad2","b278db055d805347","72710ad74f066c77","a4cf8f7cafc0c59b"
"0838962000011","181d3f442d50008c","18c194d8bcfc4048","b19cdd2460b20337","77c1d2647fb131cc","78f5972c5d656f2b"
"0839945000021","f4a3363a77346f2b","72f4c8d0b083b265","cbc7cb5371386237","315bc057b79af979","f52d66b19578ac14"
"0840161000011","198d260f94c07cc7","a8592d0469124068","29d9f8df2f77f0f1","4d69b8924167a96b","01d1680d80bf9268"
"0842192000041","2991319fa73c07f2","34756125f35dd665","b39002080f715cf1","b9fc7d9764c97914","68040aa34cd801bd"
"0842874000021","a67125a6146b1922","57fa336f2fd09187","c338a26c297ad6b3","63cb50330afd1d38","1a846b756507601a"
"0843171000021","1fb878b75b776769","26b449c75070c10a","67096128c7fb472f","a5b4d34834a688c1","42b6df7f3d906dc2"
"0846020000021","971f3857c1531f8c","a57bd098bcc82a46","0a79853b4bf830d2","4d9d5f30ba259c96","cc8f55028d6f5aaa"
"0847910000021","4d014b83dcc00dc4","5cf4660690694f86","6278022ca7c14ccb","6f41f9c2bc69b5d9","fcadf86a95a091ba"
"0849331000021","72c4c5bb480c14bb","0ff51294f43aa04b","9d1d07ffb37fb62f","7263449866fd3670","7748a1c40b2657c7"
"0849718000021","b8a9b9994aa2d34b","c6690d8558d5a68a","4d69f0621c31b85b","fca75475c3b4f7fa","8400cb0a1d9c3701"
"0850690000021","b49272c7a767b58c","d229a79fd38377f6","bcd5af5576790d9f","43bcf2afd417b205","4470380b4d4625b7"
"0851690000011","364368b88fb94d18","aa1d88dcf0b11351","37d1d7708670f938","2bcf24104fb720a2","5c0c6987dca28ba3"
"0853587000031","f73d8bafff654a0c","f89ffd91998bc476","d74b6b43b27011b3","553b78f6f8c546d5","8aabf7df9d2b5831"
"0856417000021","615d0c8565590993","f19494a3571243a5","4b6c9b15a7bf531b","5b7d0b9689b30907","07620f1dacaafdb7"
"0858327000011","acbfa1fd52b8707f","4b529c7f6f89a0b9","5b569ac540f99321","f74949d901681b56","293c9a1a0382501a"
"0860581000011","85b191dda5a2a462","cc78b77d8a30a03d","1037c9c0f6f94d82","05f9ba91a8d9ba87","c2dd42787ab4468b"
"0861783000021","22b950635d052d13","680364f02b19703d","f4d682dfb207db62","74f52a74c82cdc24","af99c9a5600da546"
"0863168000011","d3093238751c1938","497c699bc8fa22ca","f751a83583cfa819","3b4bfd820047d511","8966870c81f70c79"
"0864165000031","06a212fb23055b29","a1ff1ca967192d77","f5f78d867af1ca29","17f97a421634d6c3","a34cdbf8bc6373a4"
"0865155000041","92150cdf948304f1","8d70848a29c40034","cfa448c29fb7a06a","5a353d07b86f8088","fb55814c38cbf46b"
"0866330000051","8b4939bc87a83779","cd6b63aa9cccc769","a99a4585a98c1acb","3577990f0544265c","3b6fc6c9fb94553d"
"0869218000011","d34ad12da14dd5f5","d418132a1012b636","fab8d26119689870","132902dc925882c6","708189f9af028278"
"0871571000011","056b85208dccb4c2","c309b4684ba5b597","8f724b1f71a4c143","333a9c45adc2fbc1","c75bcfccaba48af8"
"0872743000021","2cf0ac9a8d5a915b","c828c01435092dc0","bf4a62d7d62b705c","630b8811d5905407","c8869a7778614df7"
"0873021000041","2c70aaa6db74c15f","3dcff787cb527073","681a5b651263388a","a92d18d0d295f11d","60c8cbdc0a2f852c"
"0874493000021","52c976cf7ff00bb1","c5f8bc64d12a0531","260bfd550ddf3499","05cc9fc8250c0a07","f24d46318c2674df"
"0877325000021","0f967378350086b9","4ad0ab45d764ddbb","0bcd89c6b915ad91","faa350944284bd92","7b11cad8dba01dbc"
"0878549000011","49d63471a6bbc780","4d17379f2567672a","937cc59b63b76749","1394d31d425d7735","484a247d2c31b442"
"0880655000011","5f28c288c96dcd0a","7085458d4078b71a","18316f4cc9795243","62fb30a9d170297f","8218a20b8ab7bc16"
"0882699000011","b908adc01958f9dc","3982fad55f752ca5","2dfca9a37ff926c8","8d5177ac9f6bdb20","d786110c50b7782f"
"0885207000011","534387bd1dcca9da","0a5010b6a647b7c1","486c67f6594d11f8","125cd8b6c540c5bc","07cd7463182d5b17"
"0886647000021","b3d1098b5123139a","690c9caff09ad546","5549d375536c6f2f","8cfcc7b22cb534f3","cc7adb1148bc0f5a"
"0887108000021","1fc466600caf98c2","dd8359cf4d8af8f8","c78453a1a7692938","a728967a70955933","aa53ca6c4500286f"
"0887776000051","2b1a91bb6f439165","7f536a3f19b0b209","0b623a430f3c9ba9","1cb3308d642dccc6","5c2362915fd15d31"
"0887840000041","16916cd560834d10","dac26772898a9690","99292501890d8cbc","b72803dab68f3af3","dc9f6653f0059874"
"0889538000011","869950bb7b8c60f6","ab2a3d699a440df5","8f378fab0d8a26b0","d90dfc72b8cf43ac","6f1303212f361c0f"
"0890054000011","8b4aa8649a21f5ca","a8309d0cd846b95a","5c371f251d0dc945","299a39c94622d113","29a65263495568ff"
"0890963000011","6dac849512d7bcd5","319896ccab336459","509c07cbc737a683","931105b570cc6c07","59d6648c5d1c08f5"
"0896015000021","47290ff3c9dc5341","750a10a252394279","4b31b3c51983b996","5d2c60a47920db1b","52693cb40ba1b7cf"
"0899410000021","ac04f522f7f67846","b5d71592b10299da","a73a4254bc23d28d","5c4835cd7d128618","a9d2fa07282b6442"
"0900027000041","f688b2624772cdc7","90c4c6f824482856","2a1357006da8fd0b","b5fa450bdcb75415","d2920ba49a2cb5f6"
"0900575000031","693809b21217c76a","34cf2bd492f854cc","692255dfa8cd84c1","4b705f52716151d0","bf0915bff824017c"
"0901831000021","c1f8b084bf2742c2","fbfbd1917dc34546","f1bc64bd7bf45034","1765c94252a4d88a","ad4649947879bf77"
"0903206000021","64a94ad8408dd9c3","7cc0d146c384354a","54bbda542848384d","1f9c4c6b978fbb16","00dcd6c94a8437f7"
"0903877000011","638ab4d612409255","3c540fbf32078cf8","19b12a5fa357ac1c","1f8c49116539377d","51a3890698996071"
"0904270000011","83803356bd422d99","7b8b12afafa6d5c4","7522b674c6242515","d2cad798f0d6bf36","4b4b075049b9d3c8"
"0904610000011","98d7f5c4939ff433","63f3b5fdf2a5d856","3d93dd0990bb86d9","d840f11140d8050b","fab20f69cad9ff4a"
"0905963000011","63ad1920dd218807","02b740277f609023","cb5c8cf073a04cc3","3012a72adff22a0f","50a6f682b4db35b8"
"0906314000021","78b34f09f2dbc72b","0b48b245fabcc771","23c2a5036520ca01","86d96c4c3342b52b","af46997827353a82"
"0906743000011","bddd45c9cd630968","314da2f0dfa52f29","a9223f90b7911a2f","a535a26704b92c4a","a1dca36801cbad3a"
"0907871000011","d01f60bbb5897947","91736f6bdb177467","032a789ba8c126dc","a3dbbb079456d805","89d21da138fc98bb"
"0908473000011","6b9799c7404f2c6f","b5c44311f5853bb0","437571b1c8f821c5","d480f43b137009c5","5f6751350dd6dfdc"
"0909781000011","7a9dbf13557466cd","3440bc0509affdad","3466c4bf873126f6","5bcfb30b50424fcb","93882d917ac4b57d"
"0911264000021","37c3a507d2075f8c","d319c37c94a0709d","b050471b0bf93217","f4a32b401f6b05db","b690659cccf860fb"
"0912249000021","88d64d7876f4ac4d","d0fd1fb03f2bc84d","c37188d863594916","4c824abc717c47cb","51a512d9f1bf7669"
"0913071000021","18427ba8afb1b565","35008f04a444fd95","c172317dbba8c431","7afab4159d73f1b1","2d580933ffc287f8"
"0920591000021","933431f708d1aa14","4fad5cc71d272030","6020bb213c032037","9a933c66b6d7f49c","cb5cf97177929335"
"0921081000041","ba7d629d91d976a4","a5c995c1fdff0f07","520725123f6658a2","1308fa02c791df41","44888765f7b79d56"
"0921904000031","60f9fb8fd84f9093","a9480b6f5afb85c5","911a4f4f032d0714","3f9cbc90bf374690","b1baafd86706b3d9"
"0922540000011","6a2c2dfdcbc55210","0f01a45d3302c606","acf8a841cadb6131","159ac6726cfaca5d","4584304245a85d44"
"0925063000031","6030ab8736136f67","fa9363340cfc8f3f","a847001fa2c81a8a","d097504613c83119","861f8d8bc751b516"
"0926007000011","8c5217658c8a392a","b9c97f0a9cd9949c","4674b51404fba56a","d4ddf821c8bcca46","082f3b98550df422"
"0926761000041","fdb7132c96312adf","cb705ab1871f178f","8c9d8a83645dc9f2","b0a1b47ac146720b","20cd426b12bc6837"
"0927123000031","fd2155d1ff215571","fd9ffbcd14668c04","f083c966880859c5","dc72a3b3db0b6db1","2849a649d9c19934"
"0929029000041","61ba26dd5b8b62b6","114a5d475277437c","41b677fa0df89d9c","0aa629fd6f0b42d8","f5712968d130bc2a"
"0929683000021","b5886c9f83d4d6f9","b6dc95cd593cb622","1cf5d96648383430","f0fc499c3c78d391","c5f04d72f595caf6"
"0930756000041","649774cb0ff30387","f6bf23c58a8ddd69","5c810055ffcf57c8","fda14c3286404fc5","367c9d6d434659db"
"0931593000011","61fcc47964d9b11c","06c5ba43bb7c36a7","72610b8cbbd0a2ad","d03b81f76691771a","0807da6c045b0165"
"0933521000011","c07b6b1cb520973c","d360f26d8cd6a184","6b8923db3daf1c6c","50753078d25b633f","64316f2f6086339f"
"0933803000021","17957dcd323faf82","ff7274d11c116a92","ac7d84184fc3d977","bcac3b6b4957d0d7","610ca87c242f36fd"
"0934142000061","37040f6ddf6b3a95","fdf1a69fd95ac9f7","626b13c6539f5716","689d14df0037265b","a23a070812fdc2b3"
"0934782000061","ddd0f19b41f4d4d8","0b64257d2af13467","3d8443970c5f1676","cd28f601b8f26c8f","976f00981cb7c845"
"0934796000011","b54b956b0ddcc12a","df5a50d346c0f02c","a494b8878a33a021","f9f29b9a67acc1f4","03fcc1a8ca8da41f"
"0935072000021","54a0af5dd5b51c27","cad3b22c426a9368","bb659cf09c097487","ab79fbfc57c1949a","d166b949f362d184"
"0936426000021","7a22fd9781628334","d082020bb55fc411","f8d22fd12800870d","6439d9b3c2375a12","92dbcbb7b8bada71"
"0938132000021","9d483dbff3cc15c1","901dcb314503c0b5","9879604d9ada31c7","afa88c3839a8f3b3","642236ac8afddb07"
"0939906000011","4647c9bb0b4ddfad","8f794abad323fab3","588377967f84c038","766192c48c3bbaa3","badaa3059d2d891c"
"0942025000021","09680f04d3d293b6","971b8d45d6fd9d5f","8bd344b52b72c2b2","8bf02b87003c529d","493702995d3b306a"
"0944150000021","1bc224ffdd82c663","dab024889d8d2ff7","07ca63f23c7c40a9","276989d2087b9527","0a24dd9458576398"
"0946825000031","99694767bbadb745","17d0ff6872d51fa9","f95fd409d66d2499","3f362ad8a72ff0f7","b1c73c576414fd40"
"0947132000011","d4473ab13f357a2a","098d5f13c187849a","d5a5c5084b861dc1","226427a23fa3bd6f","b43ac19047905d10"
"0948110000021","7fc878681654c5c3","1c38dc2926588169","8afb2d4f91a9b74d","f4cf709f29d6740f","c7374c4d30fb3a40"
"0948332000031","2ba3c33706ccb646","76dfcb37bb82554c","216d8302772d4af7","bf03322c04a6250b","5872053bb032a1fb"
"0950210000011","c45c0adc1f0498c9","2187855c7b1f7b17","07fac894b004cc29","3306d8f853b94315","03b2abda84615d84"
"0952303000031","71a0fd780c5a9a7f","2b3af955a99c312c","af46b04d39a464fb","d4cb8bf0f5d0d401","48b39a69a530c3ff"
"0952884000011","f93bd139a4528524","db906bb275656171","7b522b99443541d5","fc792a6d014a6270","87acab069b009893"
"0953728000021","7dd5793aaa79b739","7140d3ab9147d699","20b4b0fd9f940857","9707800c118a2c31","85d666c736803816"
"0956191000011","a22b391533dd00f4","38243c0139a3105d","3c17441c8d823ba8","4648a4f544802d48","c1238fb551147876"
"0956531000021","a07dd63772098149","08b7c05136f7610a","aa4076811c44a461","a8df129b11407289","8ac553f469885da9"
"0959227000031","2c7f02519bc17b17","300acf31b391daff","a5946b6cab4cccc1","37b79fbd43a5c638","0748026795561a32"
"0959636000011","9d6daf38d455c5d3","7d959857a42797f7","62cc9953df44368c","23b605b803d423d9","75ccd224fc45b31d"
"0960081000021","17d497c7c57743fd","c5ab09722a7b09c1","c8a0da251b900f3f","052f7c9077a0a528","2332893717a14c3a"
"0960716000021","57b61f124d08cc4b","48107008b6fc8625","3a819c4cd1abd579","984da0098456c835","0ffacccc99021a51"
"0962108000051","b54cadb2bbb6c6b0","f69cbbd82fb0f165","277f3b777f81ba5f","6cdb208ad9b92039","cd8db20a6f0cb790"
"0965489000031","c30d00b1abdd6966","769cb2ba051facbb","5250cd61b492b968","320c6ba6a39036f2","4b0227483bb50fad"
"0966948000021","5c3bd926f18510f4","443333483accb894","92f767a40bc68455","c2add442f956f758","6c80299935916233"
"0970760000011","743b854360a35f14","93f8d158cb37f648","6badbfa9f278a744","dc3b76d4a5b8bcf8","125cf1cf12badfb9"
"0970883000011","dbf3db507c1fff17","3ccad7d003f0f3b6","673f9bcf03286727","a37d7219c999cdab","3d980966b3b0a6b1"
"0972340000021","20f457c7d1163732","acd8d9aafdd01b6c","f865678503837b09","1a373c0103028f27","5c13d248a8a5c610"
"0972744000011","f8243f28af56460d","80f557191d99bc56","51a81284c6938854","a2c168303674a43d","43dd56f39199ffd6"
"0973291000011","b21b7ac99491f657","45706388c42c6898","91f03f96bd8307b6","8cf4951243021363","f453b5c594d0226c"
"0974208000041","bdd1a985a3427f9f","df0dfc839c7f3dfa","acbcc5d091b710fc","82cf984fa816083f","b143f5dad30056b9"
"0975230000011","d20d0aa47dad0273","46baf25f7c4b5b85","bd178f33da013202","58a632525243d1df","745515378699b110"
"0978895000011","a6ddbd9547ff83fb","ff6157993f693bab","dd444fca8d763313","a24b79020af09a8d","b398626dc048546f"
"0979288000011","a349674b523c010d","4983b9818b42c356","b2638781c8f85142","09f793d9c7da94a6","3269431cf512b7ac"
"0980510000011","249c1f8852f4c2fc","620815fc8d8cd914","2791374f57d2dd1c","20fcca1a075d8714","3df32d7a15014956"
"0980955000021","361bf62da5776438","19f7589063f50d91","9da291753c0c8ca6","066dbd98f7d7fd31","d7af91d4a07f8d4f"
"0981905000011","67acc413b6826631","0531c095153a4016","0b622c26c9ada703","4b669fc4b30ad655","0caffca33d4ab9a6"
"0984951000011","4a26553136f613fa","8206b3a9560f51b6","799b95cb571addad","8a2a76650f8d50f7","3c407b07db418cb6"
"0985826000011","4071b5316033fbf4","790c0492506ba0a4","c524930a09632165","ba07f21d10869d7d","08266d921d2b3f62"
"0988561000021","5688dd881f033a98","c967669bbbb05633","28f9119abb6a5243","384b3aa879d9d324","70a843a35781c2a7"
"0989395000011","084379544c0a0235","2879785bb6640a3d","12ffa741969c5a9b","01bb7b14062dada0","a03dfaa829afbdf1"
"0989437000011","4d928f5961d39d53","5394964104b9f464","2179d07b02763654","051b0aad5425a8ad","6f127af2f64a30b9"
"0991303000021","c6725b7df07b6c25","737dcf489f0f3d61","34c8d2faa034f8a8","6a8031114d909102","a7f3ad0a19d2d286"
"0992303000011","57366480560478fb","f033aa123ad440a2","21977902f191b121","d8ac01a3647d65b3","ab2b5b95a7fda0b9"
"0992840000011","2db2296598691499","8b22a27f0f5939fb","970b8a83fa289fa4","2d812295dd100086","f1f231a514109f02"
"0994198000011","8d5513037057c4bd","2561cc3d1d687501","c3c9b0d8f119390d","bba92ff4ddc8441d","7a97c509c1ba1c95"
"0995684000011","09db0f3cba940f1a","fd1ad8463a2100bb","5a0b205733f1f09a","49635d00449226c8","84d5a1c0d7d6df5c"
"0996604000011","1150bfcc9d5a8512","184519d9009ccb55","a551264a301828f3","aa5c051b777b8009","cca607d27f17a315"
"1001241000011","f2aa4c93508708bd","59ab8f41f19f8a84","c8ff48dc7bb59f43","2b5aa588f001555d","111d80fd3a665d84"
"1004810000031","0593877f21c89b40","742a3fc773459266","11a6d0fb6080b4d4","860568f46697b6ac","5452bbfc40005f62"
"1004971000041","6d65219c4f7d7392","985774d9d7f2075d","fdfba50a839778a1","28913c8f51b4c741","1975ccc8d42da9bf"
"1005218000071","b7ca9f6117253410","d1af271375346b6b","7a286d8808cb8b0d","c2ad88788c4ab487","915ba813a8d27588"
"1009153000051","6c55a451265d0c9f","72625730acb5b489","9c2427a2575517c0","b6c1ad0504925021","fa9200c585ca79db"
"1009782000021","b67bc222a4320bd9","a227291a32c4c462","2145377df7b40902","ba00bbaba60a418c","ad9904362f75dc9f"
"1010950000011","2101027c69c06557","d672602028166668","b4773bb1dcaf80c0","957dabb6d39243ca","801c93135d3caf46"
"1011576000011","70f2122087c73375","bf5d8f36797af820","84979009aca5527a","1142332495b10406","a58b1972cd736939"
"1012343000041","01b9aaa51df06a08","21189a0c01fc86c6","b58a54d8f1ff1471","57b17a389a778c8f","2fd95cf4266230bb"
"1012657000021","5bc8f99840c72340","7b6b38948d982279","cd79f514b84cbf68","63438b9a8b262890","944963521ad50d1f"
"1012887000021","f31956bb60b48c3b","3f9139454caa9f24","c0794550313a388b","7bf217af0a895bfd","249aab7129dc2219"
"1012988000061","a501667944f68a4a","a94f3a4f07894f81","ac7dc3a238ffc7d9","0fcb7b99f2b05a88","433dd272f15a17fa"
"1013938000021","4d792d982443bffa","8c7acb207a447daf","32dd9586c97d761f","63acf2acc9b5c895","2db314d172bbaa43"
"1015356000021","0802f551ab0567f0","21cd9f1df6d12a10","31ad340dd3dc2c29","8ccc6fcc4051328c","9a912875002fc390"
"1016519000011","1570251406d0fa52","acb554764459fb5b","18042cc891649f4d","b7dd2f397a108317","4a088da2f4a57865"
"1019675000011","61d34c1b4604ba2c","197d21c20c1d8ac9","ca18993fd224dc23","49633f75c1729ac8","5d84bf47a9d941df"
"1023192000031","91988d92a845b25c","7798f3508fcda314","2c54fbc934cf3437","8c7bb74b8f49861a","b0c2c44f38b38218"
"1024856000051","35d8265c3145530f","558b95748a74d460","43bb7387f295f88c","29d6185d493b57d5","5adab02855270a34"
"1026230000021","2a9692bc763ccdcb","77f08fcc9a3aa984","db0d8815b2f73789","0f23d7a4f8cf7704","530a1598ad962f06"
"1026393000031","9dd3b6f9b821da81","c5d133ba1623bb67","53389a552bf61b9b","b116b45178560938","6a7d216c33340561"
"1026418000051","8ba0a4d4389c2c15","b3d75344f055f436","3d5b89660f5a103f","4200454b61817102","f8541caa57aa5370"
"1026807000031","799f1c35b7076467","f187fda7624a17f6","476305a84d506008","d5129c6627238772","cb2c5b9c00096d1f"
"1026809000021","acc03a9ab1353242","1f739878241ffd09","a754c74749a4c0d9","83bb91c0aad9079f","66aba26f5fb21938"
"1027707000021","43d51344c8b7fa35","cd683c1b9aab658f","5d049c74a6978b33","9d95d417d8101271","dc5db988263d7f3f"
"1029436000021","47000afd9a42f9c7","31c3aa1aaf6f6d9a","9c157a9ccb108bf5","d528742b2a4bfc18","47c35326233c769d"
"1029568000021","22bbcf2aca22b7c7","23a55798f63a3b7d","bdb2f79c3b89dd0f","0f428d232ab4c663","afd7b78fcaa9c10d"
"1029954000011","687514bd1d81851a","5dcb7d3705c0c110","b79962dcfbb603cf","d25759ccf8177d69","10009ff53006dbf9"
"1035886000021","172c3756cb7b90ca","b20fb57ccdc318f4","2ff5cf536c9af329","7b45d45fd633c2a6","81b3a0a4467c4539"
"1038146000041","cff9b96b68452a57","d348763744cd611a","0119256cb164fbd5","c3377c5c5f7c8fc5","dd462f953170528d"
"1039524000081","72750c5cd72b7925","417057970cc0d8a8","d8914b328fd9b035","d8f758b0d312a4ff","453654855319fb36"
"1039619000061","23757773026bcb3d","56495414d7c696ca","6f08406367773407","79939940a557d53f","96564c1f59dd971c"
"1039765000031","9bb1df998b9cd5ab","95071620186d979d","b33b1d2da9005566","ba7606f26c88dbd1","c13df84c7c710d52"
"1041988000011","80142000699f2190","7f8f340023ba6dda","357c8a0b86377c7b","8b6861f751603414","832830c58bcd0868"
"1042686000011","cd44a69faa370dad","bd27b3b14b337da7","356c14085a80f5aa","1001b37199bd8190","fc9a8d445bf029c8"
"1043280000031","598f939b0fbf3c95","752572f9a35f6ab2","a9252072462b170c","8124181c63a54159","98d9da883d89bb07"
"1043636000011","c057a846792d2793","2905771bda196fd3","915ad19612949643","131bd35721af59d5","f54b27a792b49328"
"1043793000031","bb1b76641123c05c","cc9b749612b18419","6b0929b5fbbf260c","a4f060af1c5f2b40","549988f02ababf8f"
"1044182000011","a7b8ca145f13612a","038141df2b55c12d","36c62bca68c7773b","49d699c46d455459","328ff77369c83a63"
"1045353000021","74724d14530d771a","0c320b7075b90352","570ca7479a962f98","c3614a097162d199","944095f087ab3815"
"1046277000011","a12bf354651a8a56","3ab0416d432d8227","2a095cff4d35ccf3","0b76689cdb4178f7","c0c42c8c37209f2d"
"1046430000021","00b1ff69c350f5cb","aa76410699995666","01a3726c89a294f3","b3467c5fab139049","fd111c5fb9766582"
"1047297000031","17f2ff3f3f105f14","8d111bcdababa95a","0fb35b869f489da9","766b489a9b6009a4","82bd67ab26f749ab"
"1049907000021","b7a309c5f2fcd43f","8d57a017b8ac5aa9","032454c881f55988","81987a3442577145","f814321f760531ff"
"1050204000011","99b26a91ab8f4485","4f089b17f30419d4","b572d5cffd03fcb0","0f83afbc3080b24c","8481b524c179fba8"
"1052243000011","f65865fdf4850d51","86160f62f4476fa0","aa7021f5164563cb","05036f24c040b24c","4330c361d7aa336c"
"1053977000041","61f5172ad2fa2a34","250cf0abd69f97d0","00b03531684f0377","51c6a76284224f73","cb6738828c84d83a"
"1054571000011","7a9fb0c0b91a58c4","f474bbfd4c2a08a0","372675ba017d1bfd","fa8cbf55a5228545","985704455547751a"
"1058759000031","4c78bd3f6bd3d474","71b516756274f581","77d09a5015ffdb23","9526629af513c23b","cdd3a4db319c8505"
"1059587000011","c70db2a1704d9532","1c612933358750c4","075a4d8c3c310bd9","6f4447a1f07473a3","57075da28273c632"
"1062157000021","0ff98a8697aba78f","4f170a790a4cc966","f93d708f9d12b6f2","f6c5c99924676053","3a775b8634b98a32"
"1063358000011","3c0ff32691b439a2","6906f85a1c95bf53","a8b994c5a7fd029d","7f74b29129595cf6","072a248c0b993b96"
"1064836000011","3bdf774588787a8a","04c2c22731f125c0","4530325cbad46a43","92064722206093c0","adca679a0a6585f5"
"1065043000021","952940792c35f068","1832f05686b277b5","722a063c7cfcbb69","19471dd449b9bb21","958f63bada569b8c"
"1065681000021","a16427460cba516d","8633143bbd929f5a","7ad988137c5c632c","560690446b48c2f3","6c1d54864ca22217"
"1067600000011","9f9918a9fafcb7db","1daf7c389b80f42d","afc7df0f60495aa3","c624230249c63784","4078d079dc63db78"
"1068979000021","bd5d93d37c36694f","0a2acdd0c63ad4c6","98a45ab8d68c89fb","8273546af34b3db3","1a3475f6d420fc56"
"1069067000021","8ac5f56024153438","520a2f80bd4d46f4","b7fb24664f1c2739","453683102a881df7","612543c0c28f0686"
"1071085000021","645c8b7cb2470bc7","0f723002c6f0d507","36b943a53217cff8","35b128b771144327","6b14f4ff5c26f119"
"1072343000011","865a58a75c230692","6691fa8c8d2d2299","ccb544a39fdaf3b1","61f94c45a08dbacd","783fc347f630a419"
"1075612000061","92d4067b43a976b3","b4fb0acc93d26bba","3457c0316478848d","651403baa7034262","1609194a0b5d665b"
"1077591000011","3d53345df1846322","777c1a509a4db790","a582d7fc1bd3fad3","0218bb95885fc63f","2050ac579a130cd1"
"1078032000031","4db2197bdfadf716","98029bf00a52d909","08995f02b6c4c685","9f607cfd0c23af56","24007282790d422d"
"1078046000011","5fd29f5c5a599666","87646f9d311a7d9c","dc01d2770c939d44","b865c25c45db12fb","26dbd4fcdafddf24"
"1078262000011","7699dc48ca2f96ca","3b3f19d9b92cf505","0c17fc34664942a9","56b5cc792b3886bb","d969447454f107c9"
"1078761000021","64c23d82a06b9a86","127fc79fd37445b6","96639d2026f700d8","2b20ad2d1929f7c9","1bd2f685b204b869"
"1081532000061","4c9031b069bdf702","40fd1f60b83c4825","30bd1c09c1bca371","23217a2b6d47d85a","84c20803648c6c67"
"1082189000031","41d60848645c7a15","f75982764362a0ff","b6b8cd50791ddccd","b389d3c4811f5f7c","1106ad089a507bda"
"1082630000031","a3273bd04b1b8da8","b1aa2685062dc9bb","649b1f17ddac046f","2f7d245a9b44ad53","17b3cabd5f9ad4b2"
"1085511000011","a47cc8d73813096d","a3f2f18754cad873","f82b487c71172c7a","6b201b32c7c88754","fc2f5b2a6d0369b0"
"1085625000021","f602073586688d9f","7c6993d5d4db838f","d5269c823a9605ad","1235b78512b34bf6","dcb9d8b66bbc3f41"
"1086076000041","026267b25a54ccba","59d2b264646952a3","6f890b3cc7879357","8cf6cccd092223f0","5cafc339abc26963"
"1086964000031","73c1c9b5d8578ba5","f1cb99bc2f947326","da6bc88af1519252","b32f9c5b260544f7","19c0a7b5df089040"
"1088041000011","d276330dd098cd20","03a43a75cb90a9a4","742ca76231d34a23","293abff1b76297f5","b5255d6188521686"
"1090863000011","4977c38a8b14f048","a23d0d6f68a63300","865b6d65141a0d86","94c80fba2ab5d1b8","bb3a8d732f723c36"
"1090927000031","a47797fb65072d79","830d5dbcc7f8510a","9b2674bb525c0d66","5b85214109c47492","595b87b6cd904f4a"
"1092521000011","55dd515af056d4bd","3c48bff9ca937270","18ddc829bf959f8b","5b104fd98d5bd24a","38380c3082261954"
"1094432000031","0cda5fdbbb6425ca","d66b565a717b4531","80f645ac40b751a4","d38cfbac4b6b525c","a325a41f783673d7"
"1095126000031","cd4fdf21c3b87822","5b57f461af881d9c","799ca4fb2c49a6a0","1025534d6168c425","ad951b242f97ca61"
"1095511000011","4383d35f83d0afc8","0554f8cd853d4027","49cbbb50d0323073","af321d1105c54614","bf14a0761bcdca9c"
"1095646000031","ad6f993b62b05980","93a007cda67c8f3a","a030cca460255a7d","4a258605a27952b5","f11c42c282827db9"
"1095987000011","d31f27d4f4da9a6a","31395891cd982347","8829c4ba5f764f82","c2a047f2fc72dc8a","95da1b1535192362"
"1098168000011","092c132841383ba0","5a345d121b2f6869","33b7341a08491480","146d5d0c34273aaf","69f239635448c6c3"
"1100646000021","87a2c7b2089b9b27","872f0930a11b1b3b","3932f104c8cf05c1","4b738f1f668742c0","51cf3408b0c22539"
"1101287000011","8a19102b88dc42f1","4163890b3989302b","17826b0db9c21f73","6577922dd1fb6435","4206a0599424b280"
"1102122000021","83a3af804075940c","4f3789ab93b41030","2d04944b761591b8","034c3532012b0560","c83a7bf72c982f6d"
"1103099000031","185282d3d16f0a58","26c2975c5abad2cc","7f82dd757af5582a","3d7799fa1d513269","85758d1a37b6d8d9"
"1105828000021","37f8bbb802c0856c","6afa3761c74ab462","94f0478b413281bb","9188babb8f2fcbdf","f177246fd908d7bc"
"1106465000011","cf010fdb369bdd60","6d3bc3291888a69c","1696d294130f3642","886d4df562945ab3","b5ab410f830c98ca"
"1107526000041","d7a6191ad26d5bdc","88ca7d34a774c063","81f2c45cdfc028cb","9242770571755c56","4f7b97b88b85dc42"
"1107568000021","cfcc5da76b378cf2","1d0d812bb50d6cd4","73ba3bac863284d0","6b3d22af9c30acc3","8bb7f102ab95248f"
"1111603000021","7ad4d37043c6f577","211027052a876427","cfc9dfd613ba2d8b","48d47413382cf4c9","b10aa512805c8592"
"1113398000011","871af3765374f69d","d70d1b3929adf42f","8892fa4bd7375a49","fd3aa0d48dafd332","381526badc019826"
"1115594000011","ff3ab53018af8657","f1fddb1b53b96136","3d95fc088c09fcfb","02313d2f4ad0647c","920c1b3095132f11"
"1117876000021","7d914817f9638d19","c848b481583f8880","34ac065aa0f97169","336cfcf565d6ab04","35ab6dd98b922f9c"
"1118740000011","23bb915f8848b37f","05fd975c848da31a","2bc5aa57b2b61a57","2c6424c0238915ac","265cf17dbc420765"
"1120321000011","ad273f8609c36748","df24a17bd9c13747","9b9c1875a0fa40ab","d5a35c01ff833b96","a5f587b82bca81b2"
"1122527000011","c070c0bd7d881cc5","1007f56fc2603108","2cf777601c24dc77","d20a108ad4ba0af3","958bf3844f1b7f98"
"1122933000021","19dd52290b5a3297","7848827f3ba87d12","13278dcb3308ad7f","791d5c0513c12651","f409859f7dd25bd6"
"1123265000011","4bc842c48fa887f0","29dc9673a4690787","5dffda3b60248af6","1ac78760b3d2d29b","7af2a74d59c486d7"
"1124973000051","65b272154bd552b8","dc951a36b4cd914c","0d0f14f73552d3f9","7da87b79f0573577","358325c645802b81"
"1126721000021","77a9a66321d36f66","9241836db85fba36","30d3a775b86860a3","f259fd8d4bc96834","9d1b77235b70c0d9"
"1128598000031","58a6b2fcc08f6d65","ddcc6f279d9cbabd","f5532b9352971837","051a6c6f22213f19","a7381f96d4bd0f70"
"1129481000011","05087b1413cfa7a6","6329a4799c2124c6","277d7bc0952910a9","53a26d6a821357df","b10f4c2d739f8651"
"1129683000041","8d276f31925dfc9f","b36b596324fff896","9b1766f4d9459697","c739222422fb0bab","c134daf30f1a6091"
"1130222000011","8345f51bff76bd2b","82df776414f4cfd9","890589055c89a402","52db4c369136184a","866f147b8287880b"
"1130523000021","df7318992742f256","fffd05aca1f977cc","7439a5d49810dd4a","6c78589a1c91684c","c31cd13b0b8c9579"
"1130705000051","893283f1dcff3b2f","20699bab46dcd303","8628c6002cf7835a","156682fd9a0f0159","6196b8d023b1c843"
"1134200000061","cc813c9b4fdf27f1","0754972f141392d8","6229a58188797210","afc5bc9866423f41","0ddf413a9abb9110"
"1137096000041","b50ca3f45f128305","3c0dd082090006bc","3129cb431a76b209","ddc20d823f021104","3927d9f4a16a229d"
"1137947000011","9306c88697190ccf","138525c23fcaa459","55122a60d612ff09","3191a0913639bf3f","40a82a4508756ffa"
"1138558000011","6a92144253520aac","a8c7878d05869171","85912b31b333bf24","2c7fb2907160128a","ff75f03141cd1364"
"1139400000011","d7276a6bbfc6c999","cb4ad08c47d07bc7","18668cf0ac9918b7","7afd8fad7a888d08","cd5f506c676c0c05"
"1139564000021","840419cd1ca2d587","6725a44f8f64744b","7f6d2ba28532fd4d","6840f7741982487c","ac72004f700097fa"
"1140372000011","946556ad102a63dd","166b0dfadf947913","81894f2116962b47","3c1db42d580db60f","fc8f774ccfd193b4"
"1140387000041","0708457d5a372535","31c2c2fcd5fd8221","dd353a98222bd58d","1b2384f7d3f98bfb","f8d64c9b5aacd96d"
"1142637000011","d80d5b471c331b3a","fb664378cdd688f6","36b576c92a677b55","709a61179af0040b","f53912a23342701c"
"1146304000021","89733d0f34619c33","af535f708663a2fa","43a2d1178fa2a909","f76c4d51936fabcf","2844801980fc60c6"
"1147515000041","b23d52c50d48a229","038d973f91f39f67","f356b48658603675","0f1108418b0629d8","8893b23cd39c1b14"
"1148987000041","f413b6438f400d63","435d3598c15abcc2","dcad5c92a1b77864","05fc594f9ac08cbf","14146f657db42d13"
"1149694000041","7b7d3f9f6a97a39a","c378bafbadb84b7d","30a83f828ca63b41","34f274a458ff359f","75c06d983dbf1fac"
"1149754000041","b54dca7899f3a5f8","b67c1048472a72b9","2a4d02d6dfd1b751","77a19db91f694bc2","50bcad583a7357bb"
"1150467000011","612cd08574d3dcab","1134aa20f0444d58","5a35250ff06a245a","13bb935c96265d7f","5d5df3dd07631f56"
"1153003000021","8bcb63a0cfd24401","d24a1bb97c650cff","0cd0430d358bdc7b","0611a742d89a7550","b2cda421dc8ca9c8"
"1153946000021","8a71d955f1ffb23f","85244ccdcb502d33","b4b93dfd3459bb3c","323a4c580fc59684","849aac61d0f85cf1"
"1153949000041","9c3059f674fc01ac","ff283247c36b240f","dd4416608a0bf9a8","d81919d5bbf1ac32","cd45fbca695d860d"
"1157278000011","fcb7bdff39b4a956","67c9bcf5d1c7724d","bc4670df7b1d73b7","3d3f6d312a579cf9","bd58c927cf737028"
"1157995000041","6af1dad5b981a59b","a59ff9fca11d1f04","b6bf37ac41c75f0b","05f86cf16c938fb1","f1103287ff490ccd"
"1162027000011","4c3c9797f86cf12f","7cc41486b559f49d","bca5d6c41c5ba36d","5ad6d5c6455fb8a0","79a319cb3aa665bf"
"1163632000011","f0d4495811677db0","b3c2c4f797d35b88","21a995ccb9d0cd6a","c6296302d0c8b224","acc3c3c8daff64c8"
"1163753000011","bb05dbb6b17811df","cf80a18b24089ca0","6bd8229767904643","d17ad915c6fdbb3c","c5a6fc13311391d2"
"1164506000011","402020935907a13d","5b8fa85f0cc49672","c8f36c7f96cd4602","324a810542056dd1","1115d628babccb6c"
"1168307000011","c890ad393f2d000a","77ad41f39522a43b","ca7b20066b3ff460","bd0dabc761d84fd0","f22b0996a956bf61"
"1169178000031","33d4d54aa5a163bb","0716d0d56d50781f","24d966635968d2f7","892ca80c05ca30b8","73030c609155571b"
"1169642000011","6c65c795153285d2","af9d80b17734b631","69fa8207d7b75d1f","7d1a1204ffd45421","3c725d13420cb7a3"
"1170362000011","72c31a4743978708","608a74c8b23a621b","1364f3df36d2115c","97bbad1d64451d00","b2a2a180b4dd22dd"
"1170876000021","a50d641a80afd1a2","d085c0c3325dac3b","ab8d57acb506f5f9","7f6cab5921c1cb70","a09120775959d24a"
"1172839000021","049938892b41352d","57c7cbff5c33356d","9104bcbcdc70c04c","11518d7588dd19b1","2f0c3f6b87752904"
"1173293000011","3328271737c0aa6f","406894dc5175b524","a5a687b1034903dc","591c4041ff73dfc8","c0b37d82848d823d"
"1175574000041","b30da4fc704f878f","4fa27f1dcda49f95","2076731d8202d31a","fa16d6672bc15802","b8b77b9cdddcaa4c"
"1175966000031","c4fd4c8c67327697","25b8cf3385c1dba5","d4c32df727f6998d","26b3d9a4d6562334","789466bd77052df3"
"1175983000031","5a4faac81f720bd7","fd2c933c58c89683","cb51a44b838a5d64","9199269d8cc835d6","0b6a489833579f5f"
"1176731000021","a3a515614d881f16","7588856aa441cac0","bb37ad6cc906dd7d","27b9d67116bf8d0d","b86ba70f87f86368"
"1178102000031","5f29f1d930b27537","8dcdbb039493a16f","4d1489552aa52707","23a4d7af1a885f78","b3c66bfc49bfb62d"
"1178256000011","da82f769caff68c6","a47448519226801c","d552654f1c13fca4","73650b7d5cb5a72f","8af832c765018f3f"
"1178365000011","6170b10f73bf03aa","917da364ca03f175","633d6250672413a8","a8455c72f389f8d1","615aa795263a6003"
"1178881000011","12297c391fc10564","6c4bc545734fb295","0d3dc996746f2561","f7795a7da8962708","77c419380b32c5c8"
"1179133000051","5950af400f2a13dc","8798356104d3a488","c16d9318075b0b11","ffb9a0dd0a321559","5b4c916da2380094"
"1179687000021","13722dfd9a96aacb","0faaacf7301df0b0","ba3f7343d392f104","5965290cf0fdc47a","ff44bc2fb3d1f088"
"1182716000041","46a0c16a385f092b","a81bd44a975186bb","c081aa9a77c37977","8d217b4cb7787048","bc6a3f48c25169dc"
"1183005000011","400785f08435b1cf","d15151c5b39719d4","f3a829a3cc802d29","726c27f978fb1703","a6990d181f8c0612"
"1183740000011","0b4028fa8779934b","02d389492f4b562b","4563020804f9a83b","59a5bb376343c34a","f2a5abcd5fd031fd"
"1184099000011","db220864531f211d","f33071c7b9530b78","21754c816d859425","964936346ccf1b8a","0a848a90696d77ba"
"1187843000021","00d76004fd545c0d","3aff1c859686d2a3","fc669464005dd5d1","11f9ad0d01bc57c6","72bb099c045ca9ca"
"1187913000011","f0682aa646ffff11","0acd89d547526a2b","3cfdd392f3068cb3","48d5ab41926b2654","01afd8f5a2057b89"
"1188689000021","63fd43008b60d891","8c3c90346574b1a1","b8fb241aab4b18ba","1b94d0686b3791b8","4bb7d8f3afad572a"
"1188723000041","812cccd86836aab7","8d662026d031b348","69619b755c659217","050d3b69d1b25dd5","700094c7898b64fd"
"1189019000031","883c4c8a598384a5","62b5814040534f92","2ac54c6909c9c867","2c42c45f82f1693c","19765c0f08b59caf"
"1192492000021","073113176c242fc1","70abbf8174abc3fd","f4390fbc7c7c02d5","10a2687473045001","998f8bddd290f2db"
"1194964000021","414a0396b6157518","2c1600629cbb040c","af6966abd9a25ac8","db68335c67110640","80f939bb6f951220"
"1199194000011","a762d63d1ddc391f","c97a995741c7d389","98459b4a3c663f9a","9f539f5c612056c5","1772b71d9b619227"
"1199415000051","c03217ab9b2b5d91","5c251482b8929464","25d33f57054137c5","56f63b80cbc7df93","ca5598470d9f0c45"
"1201860000011","53a76b5244c8279f","3af83d3badc4c19a","2853091863aa4738","9047d964039cb628","6184230b5376f416"
"1205141000041","caadbb699ffc05bb","9ad81417c7c29155","b430cd6af3860d08","f4cf54cc070557bf","c416c7b81c5bc4d1"
"1205494000041","8dfa47758031cd0f","ff074764b58b526c","10f37764c2b6c064","65d0ff645ad453fb","258665c59d0b08cf"
"1206093000011","4b78b0f9ca47ab61","cdf403588103fd85","9c0a221695cd1716","39165806abdafc03","cf8d37dfaa03fff7"
"1206890000011","8df27698204640fd","477860ab3bfdc722","ab34204cdfb50c75","2d46f2a0c20bdb8a","60fc1f67cf06f68b"
"1207831000041","52a406bd512c1c27","c3d8d0b29424f26d","cc814f4706caa974","2d268128710d29bb","db86d57d8290c7aa"
"1208198000011","72a5db66cffb3172","2a82032936204394","b907086c3728a50a","30927815f2d4810f","d3f89274166499f7"
"1210900000031","bdacf32b764b14ff","dcaa8519dbbfb81f","908920cb43f4f861","d01f6191640dc494","cc9a948553a3b4bb"
"1212120000011","b0bdda17b209d6a6","129a884938ba78af","4d0f9dc9f07cdd1b","98b2790200730060","9ccd454fb6c3aa28"
"1213029000011","59687f1410f03068","9a20d398a325b2c0","a7dac4545d0039ad","978666f5313ddc25","017b3d097590af86"
"1213382000021","b62fdd9c17a9cbdc","129591c5acfbcbaa","ba855b9a41131ca1","5bb438a11df01002","4ddd19fb7fcd998c"
"1214964000041","5df3aa68c74aab9a","281b6d6b40d41d12","0dc210ba63127c40","b3137c53c3fd2aac","72797d63b078040f"
"1215605000021","5f085855b03faa5b","00340f3b9879df53","2d391c6264dd7db3","ac50a231b5d9bafb","a7aa7516a014ba76"
