"","gend","age","bath","ed","emp","pern","hhh","X","Y","panelId","treat"
"1",1,33,1,2,1,5,1,-64.7565303558657,-27.4812881208258,"0045a7b2ca058bcd",0
"2",1,26,1,2,1,7,2,-58.3668830324285,-34.834805250436,"0067a5064252f66c",0
"3",1,24,1,3,1,3,2,-58.7704904274157,-34.3278587595283,"0072f4abbcb693b4",0
"4",2,42,1,2,2,7,2,-65.2711768340015,-24.8911881837991,"00789f55c1629727",0
"5",1,30,1,2,1,7,1,-56.8353164844026,-28.8148054043692,"0083aabcc0c81325",0
"6",1,25,1,1,2,3,2,-67.7093785858779,-45.2860015577364,"00b7c88c5645cf1b",0
"7",2,43,1,3,1,3,1,-60.9632479719998,-32.9473767894086,"01cf4d5b970fa5b5",0
"8",2,24,1,2,3,4,2,-68.6689759067021,-32.9864228370018,"01fd23749a07dcd5",0
"9",1,20,1,2,1,6,2,-63.6378147989462,-30.0889639420226,"02280426cb50b3b5",0
"10",1,20,1,2,2,5,2,-58.8829412440182,-34.1386177245953,"022b652a92d15b97",0
"11",2,79,1,5,3,2,2,-58.5379364966436,-34.4868750258075,"025aa2b94adb48a3",0
"12",1,33,1,2,1,4,1,-64.5861516416936,-31.222559240613,"02d6a3ca97c5a42a",0
"13",1,32,1,2,1,3,1,-59.1145538004664,-27.7194121391442,"02db42105df9dc91",0
"14",2,88,1,3,3,1,1,-58.4488804101251,-34.6151479182398,"032b85c24dfbc4f1",0
"15",1,27,1,3,1,4,2,-58.5447837824873,-34.1483185346441,"033afb243d3060a8",0
"16",1,41,1,2,1,2,1,-58.3413586936725,-34.6784127460771,"03547c040d436153",0
"17",1,25,1,2,3,2,2,-58.917166606432,-25.7764661710911,"03b31681d4824491",0
"18",1,27,1,3,1,3,1,-56.9258085562639,-36.6558414912978,"0436838539455dd4",0
"19",1,33,1,2,1,2,1,-55.8580595078883,-27.5432827681667,"04d71c538784fd69",0
"20",1,30,2,2,1,3,1,-58.3668830324285,-34.834805250436,"05072f2d04541699",0
"21",2,43,1,3,1,3,1,-60.7066788994818,-33.1299963261325,"052bc029212514fb",0
"22",1,33,1,3,1,5,1,-64.432235728455,-27.8874401651362,"053287c967081693",0
"23",1,22,1,3,2,3,1,-60.7066788994818,-33.1299963261325,"053c8233fd536d59",0
"24",1,50,1,3,1,6,1,-58.6881604368356,-34.6351448148524,"0549dcbc6952bb39",0
"25",1,29,1,3,1,3,2,-60.6696152885451,-31.4770125774097,"057393c2c54a1fdd",0
"26",1,29,1,2,1,2,2,-64.1832160923879,-31.4170640978912,"059d3dc0f649baa2",0
"27",1,25,1,3,1,2,2,-58.5053444861507,-34.5263761375676,"05d8cab95a14cfab",0
"28",1,35,1,2,1,3,1,-57.7400569739232,-37.965633071548,"05da26765307dd22",0
"29",1,30,1,3,1,4,2,-58.6914314463256,-34.551278217791,"06290ad04bfb3096",0
"30",1,39,1,3,1,5,1,-63.2562238529538,-32.5143344670918,"063dcc543cf1946a",0
"31",1,22,1,3,1,3,2,-58.2580631285934,-34.876793577096,"06444ff5a6cb4dd6",0
"32",1,24,1,2,1,4,2,-65.1562483911889,-31.7077606035851,"06491fba21d41a32",0
"33",1,25,1,2,1,2,1,-58.3413586936725,-34.6784127460771,"080622748415a7aa",0
"34",1,35,1,2,2,5,1,-58.3781590459342,-25.938577139892,"082f3b98550df422",0
"35",2,29,1,3,2,4,1,-58.7770476904653,-34.511070292185,"0870427dcc0ab343",0
"36",2,31,1,2,3,4,2,-66.5135809789634,-33.8208567840184,"0882809c24f59347",0
"37",1,24,1,3,1,2,1,-58.6064376242289,-34.3821627094564,"08a728abf73d73bf",0
"38",1,25,1,2,1,2,1,-59.1275315604157,-33.9965726299644,"08aa6dd7b86c0426",0
"39",2,23,1,2,2,3,1,-58.6246088672568,-34.7693065019551,"096805824dbcf6d7",0
"40",1,22,1,3,1,3,2,-58.5379364966436,-34.4868750258075,"09908406faf9b618",0
"41",1,42,1,2,1,4,1,-61.6577808129607,-31.2333312428038,"0992dd833ac64b19",0
"42",2,39,1,3,1,5,1,-58.5788319362462,-34.5948809827233,"099a5823129d262c",0
"43",1,28,1,3,1,1,1,-58.4762694631934,-34.8303492519273,"09f9104aa1d7c004",0
"44",1,19,1,3,2,5,2,-64.1832160923879,-31.4170640978912,"0a591c938a026985",0
"45",1,41,1,2,1,5,1,-59.1662637711315,-38.2583638301751,"0ab3974664af1968",0
"46",1,20,1,3,3,3,2,-60.6572211357287,-27.7440503233402,"0b653216a241d0d1",0
"47",1,20,1,3,1,6,2,-64.1528646180089,-31.1440566145003,"0b72d9abcb9361b9",0
"48",1,44,1,3,1,3,1,-64.5861516416936,-31.222559240613,"0b9f6455d613bbaf",0
"49",1,41,1,3,1,3,1,-60.7066788994818,-33.1299963261325,"0c17fc34664942a9",0
"50",2,21,1,3,3,5,2,-58.2373800389925,-31.2907523920677,"0c62088c89cb224b",0
"51",1,28,1,3,1,3,2,-61.049649970697,-32.1553227683438,"0ca452c35b0a9653",0
"52",2,19,1,4,3,5,2,-68.5219320837078,-31.4875762140558,"0cb5d52b046dfa4d",0
"53",1,25,2,3,1,4,1,-56.8732351568493,-37.1146476588017,"0d4177dc809302b5",0
"54",1,29,1,2,1,5,1,-59.4931953290754,-33.9320720095435,"0d5d77996a60b89f",0
"55",1,33,1,1,1,2,2,-58.4488804101251,-34.6151479182398,"0da7fa82662c268a",0
"56",1,26,1,3,1,3,1,-65.4458282535115,-26.6614655020242,"0dad2cc19666c6a9",0
"57",1,29,1,3,1,4,2,-62.2771151207267,-33.0309956732058,"0f017bf1c423923a",0
"58",1,32,1,2,1,3,2,-60.7066788994818,-33.1299963261325,"0f06b455c67865a1",0
"59",1,50,1,2,3,6,1,-57.9018775820629,-35.6759326495487,"0f34c10a81d44974",0
"60",2,18,1,2,3,5,2,-58.7640220601412,-27.5196363062383,"0f3951bdd6105f61",0
"61",2,43,1,2,1,6,1,-58.0180951945351,-35.0034017708424,"1029db4087186f20",0
"62",1,20,1,3,3,2,2,-58.6246088672568,-34.7693065019551,"1050039fff1c67c6",0
"63",2,36,1,3,2,4,2,-60.9632479719998,-32.9473767894086,"1058dbd008451c55",0
"64",1,32,1,2,1,3,1,-65.0132947832702,-25.8560273099888,"1083a1c4650c8979",0
"65",1,45,1,3,1,3,1,-64.1528646180089,-31.1440566145003,"109338c489d68ca0",0
"66",1,30,1,2,2,6,2,-68.3505615915447,-34.9460322967049,"10c8bc0b651c84d8",0
"67",1,20,1,2,1,8,2,-61.7047418962957,-32.6122445710241,"10d75a8babb7cbc0",0
"68",1,22,1,2,1,5,1,-70.979159756615,-49.8815594690106,"11073af4842adad4",0
"69",2,22,2,2,2,7,2,-60.1737186089963,-26.6734064128124,"1119fdc6131dd437",0
"70",1,20,1,4,3,4,2,-61.0059804425198,-34.5467916989979,"1212b577fb6f91c9",0
"71",1,25,1,2,3,4,2,-58.7640220601412,-27.5196363062383,"124bdcd01df0b0b0",0
"72",1,38,1,2,1,5,1,-60.2924970437052,-33.4822928824669,"1285cb6652fb2493",0
"73",2,27,1,2,1,5,2,-60.7066788994818,-33.1299963261325,"12fadd04ad7c3c75",0
"74",1,28,1,2,1,5,1,-60.9750170479814,-35.4815001862116,"14049554d1a46c60",0
"75",1,29,1,3,1,2,1,-58.0698952466705,-38.2011488565685,"1417db8b7820ab98",0
"76",1,25,1,3,2,3,2,-67.7093785858779,-45.2860015577364,"143af35c11df72a7",0
"77",2,22,1,3,1,5,2,-58.5379364966436,-34.4868750258075,"14a17c1c973c3828",0
"78",2,27,1,2,3,7,2,-58.6192889973626,-34.6483469056608,"14b5424bd5ff95d4",0
"79",1,29,1,3,1,6,2,-58.3668830324285,-34.834805250436,"1524376bfd07bc19",0
"80",1,19,1,3,1,7,2,-65.432605838322,-24.0861500844631,"15b10fd0088f826a",0
"81",1,22,1,3,2,3,2,-60.0438436477086,-31.6969409558606,"15c0033c85917053",0
"82",2,27,1,2,3,5,2,-60.9632479719998,-32.9473767894086,"15d94c978bb369c7",0
"83",1,36,1,3,1,1,1,-58.8829412440182,-34.1386177245953,"15df47d31a24499f",0
"84",2,61,1,1,3,2,2,-58.6192889973626,-34.6483469056608,"1619bb55169bfac1",0
"85",1,31,1,4,1,5,2,-66.3702743222188,-29.4574921855042,"164645517b916a4f",0
"86",1,18,1,3,3,5,2,-56.9352799572195,-27.9001661171504,"167fa4000bda3621",0
"87",1,32,1,2,1,4,1,-59.5003981291152,-30.8981286049868,"168985cb83703358",0
"88",1,24,1,2,1,2,1,-58.8103623815554,-34.6098501944399,"1733df43db802036",0
"89",2,24,1,3,3,3,2,-58.7640220601412,-27.5196363062383,"1738a119cd570166",0
"90",2,28,1,3,2,3,2,-66.729166091854,-54.7450048144209,"175a2ba9489502f1",0
"91",2,49,1,3,1,2,1,-58.5053444861507,-34.5263761375676,"1776d438531925b4",0
"92",1,33,1,3,1,5,2,-58.4488804101251,-34.6151479182398,"17a62dbb60002680",0
"93",1,22,1,4,3,3,2,-64.4933428725017,-33.3297338059771,"17a6c6fbc0c0d418",0
"94",2,20,1,2,1,5,2,-60.0438436477086,-31.6969409558606,"17c372f41460c9ca",0
"95",1,40,1,2,1,1,1,-58.1552215029755,-34.8181707378354,"17f08c8090d7457f",0
"96",1,27,1,3,1,5,2,-64.432235728455,-27.8874401651362,"18266a068f496b6f",0
"97",2,65,1,3,3,1,1,-60.0438436477086,-31.6969409558606,"18668cf0ac9918b7",0
"98",1,21,1,3,1,6,2,-59.6022661359782,-33.1167873395509,"186d6c47a47ff4b5",0
"99",2,26,1,2,2,4,1,-58.8103623815554,-34.6098501944399,"18bf10ba05a7f018",0
"100",1,38,1,3,3,2,1,-58.3668830324285,-34.834805250436,"18c7dd1a705fa23a",0
"101",1,46,1,2,1,5,1,-62.5251535452325,-31.236000623864,"18ddc829bf959f8b",0
"102",1,28,1,2,3,9,2,-58.7412518747816,-34.710055233357,"18f45ca5666ad505",0
"103",1,29,1,2,1,5,1,-60.0438436477086,-31.6969409558606,"18f643f04d7d9668",0
"104",1,23,1,3,1,2,1,-58.5447837824873,-34.1483185346441,"19b613d745a278da",0
"105",1,20,1,3,3,4,2,-59.1145538004664,-27.7194121391442,"19cd1f14046c4921",0
"106",2,44,1,2,1,2,1,-60.0438436477086,-31.6969409558606,"19d0a9a408412fda",0
"107",1,29,2,2,1,5,1,-58.6064376242289,-34.3821627094564,"19f35694a993085a",0
"108",1,37,1,3,1,1,1,-58.9025599874312,-34.4479556816522,"1a0693305fbb8610",0
"109",1,28,1,2,1,5,2,-57.8272448331031,-34.9098091823487,"1a1cd4a9a515c550",0
"110",2,45,1,2,1,4,1,-64.3070592388571,-31.7112018537678,"1a58d067970456cf",0
"111",2,40,1,2,3,5,1,-58.6246088672568,-34.7693065019551,"1acf5a23fba2aad9",0
"112",1,29,2,2,1,6,1,-64.1832160923879,-31.4170640978912,"1b2a8fb5f32c7c07",0
"113",2,22,1,3,3,6,2,-63.8430407554091,-24.8731628877567,"1b425d1394559d49",0
"114",1,49,1,2,1,5,1,-58.9860909733009,-34.6512467273435,"1b9d0dd0772bd450",0
"115",1,34,1,3,1,4,2,-58.8829412440182,-34.1386177245953,"1bd02234049141f9",0
"116",1,37,1,3,1,4,1,-68.741772401042,-32.8882480800092,"1bfca05327ad1a5d",0
"117",1,21,1,3,1,10,2,-58.4488804101251,-34.6151479182398,"1c430ac28f1175fb",0
"118",1,19,1,3,2,5,2,-64.1832160923879,-31.4170640978912,"1cb5b7a803c86c83",0
"119",2,19,2,3,3,7,2,-58.9322910127938,-28.5003937146504,"1d0c659d1206ab3c",0
"120",2,38,1,3,3,6,2,-57.2996368306512,-29.591372274012,"1db3d0bc9c0ac576",0
"121",2,32,1,3,2,4,2,-68.3505615915447,-34.9460322967049,"1db48fb33715bd3f",0
"122",2,43,1,3,1,3,1,-60.7066788994818,-33.1299963261325,"1dc680010290212d",0
"123",1,21,1,2,1,8,2,-64.1528646180089,-31.1440566145003,"1f1ac060bcb6262a",0
"124",1,50,1,3,1,6,1,-58.6064376242289,-34.3821627094564,"1f204acaad21d08b",0
"125",2,40,1,2,1,7,2,-58.2580631285934,-34.876793577096,"1f2fd1121c771bf8",0
"126",2,20,1,3,3,2,2,-57.2996368306512,-29.591372274012,"1f805045aff41406",0
"127",1,32,1,2,1,4,1,-59.4094679475337,-26.5020299217821,"1fb44415718c4656",0
"128",2,37,1,3,1,5,2,-61.8089561108145,-32.0140532291854,"1fba2391dc285c5c",0
"129",1,46,1,2,1,1,1,-62.1698825493603,-38.5836883883761,"1fdb0a7d4b069a9b",0
"130",1,19,1,3,3,4,2,-59.1145538004664,-27.7194121391442,"20506b5b355000dd",0
"131",1,19,1,2,1,10,2,-68.5219320837078,-31.4875762140558,"205fb69491c524aa",0
"132",1,20,1,2,1,8,2,-60.0438436477086,-31.6969409558606,"21101ab24f907b22",0
"133",1,61,1,2,3,2,1,-58.3413586936725,-34.6784127460771,"2116b29d9296d0fb",0
"134",2,21,1,4,2,4,2,-64.1832160923879,-31.4170640978912,"21236358cf181fb7",0
"135",1,39,1,3,1,3,1,-60.7066788994818,-33.1299963261325,"21991c711741662f",0
"136",1,20,1,3,2,4,2,-67.9020452530799,-54.0284903730289,"21a2380080117092",0
"137",1,23,1,2,1,4,1,-67.5580664653313,-38.5298248372128,"21f153f954b649b7",0
"138",1,40,1,2,1,6,1,-58.8829412440182,-34.1386177245953,"2207a844df98f3d1",0
"139",1,28,1,2,2,4,2,-69.4620765650695,-33.0358285916873,"22118dd225344676",0
"140",2,31,1,2,2,9,2,-58.4488804101251,-34.6151479182398,"221295148f4d46b4",0
"141",2,29,1,3,2,4,1,-58.9025599874312,-34.4479556816522,"2267bb570369bcb4",0
"142",2,32,1,2,1,5,2,-58.5788319362462,-34.5948809827233,"226dc641788a0707",0
"143",1,39,1,4,1,4,1,-57.8272448331031,-34.9098091823487,"232ff89626698964",0
"144",1,18,1,3,3,3,2,-58.0180951945351,-35.0034017708424,"234c4ad8a372bbdd",0
"145",1,39,1,2,1,5,1,-60.7066788994818,-33.1299963261325,"23b353003c77180a",0
"146",1,25,2,2,1,3,1,-58.3668830324285,-34.834805250436,"23cbac33639a6317",0
"147",2,33,1,2,3,5,2,-63.2562238529538,-32.5143344670918,"24007282790d422d",0
"148",1,43,1,3,1,3,1,-60.6696152885451,-31.4770125774097,"242c8d6f3c194ab8",0
"149",1,30,2,2,1,4,1,-64.1832160923879,-31.4170640978912,"24543cbff0df0d50",0
"150",1,41,1,2,1,5,1,-60.2924970437052,-33.4822928824669,"247022646fb92794",0
"151",1,28,1,3,1,1,1,-58.423469690169,-34.7541169431057,"2478851d53b99541",0
"152",1,20,1,3,3,2,2,-58.5379364966436,-34.4868750258075,"247bd306108c57c2",0
"153",2,77,1,3,3,2,1,-58.5788319362462,-34.5948809827233,"24817f12871c20fd",0
"154",1,31,1,2,1,4,2,-58.0180951945351,-35.0034017708424,"248c136265c59b70",0
"155",1,32,1,3,1,4,1,-64.1528646180089,-31.1440566145003,"24b1d18d68265b5d",0
"156",1,28,1,3,1,1,1,-58.5637335647496,-34.5518231350295,"25bdd7b9f4a46820",0
"157",1,36,1,2,1,5,1,-58.6246088672568,-34.7693065019551,"26263d8b8b1d44c0",0
"158",1,22,1,3,1,5,2,-58.8103623815554,-34.6098501944399,"2660103135906f7c",0
"159",1,20,1,2,1,5,1,-70.5663895816414,-51.4133900352533,"2695f8281522c6ca",0
"160",2,25,1,3,3,3,1,-56.8353164844026,-28.8148054043692,"26a1dcf286f5297f",0
"161",1,43,1,2,1,5,1,-58.8654615414644,-33.2502036906973,"26b722669a2b092b",0
"162",1,23,1,3,1,4,2,-69.4620765650695,-33.0358285916873,"26bb66463b9343c8",0
"163",1,19,1,3,3,4,2,-55.6781626067178,-27.8838860699044,"26c622025d2bb510",0
"164",2,19,1,3,3,8,2,-58.1584057746917,-30.7351816559281,"26cc9f5acc19af1c",0
"165",2,22,1,3,3,3,2,-55.8580595078883,-27.5432827681667,"27b90df80ac1530d",0
"166",1,19,1,3,1,6,2,-64.1832160923879,-31.4170640978912,"27bf782362fc2d93",0
"167",1,27,2,2,2,2,1,-63.6378147989462,-30.0889639420226,"28582c04d5db4bd7",0
"168",2,39,1,3,1,4,2,-61.6577808129607,-31.2333312428038,"285a325d068482b0",0
"169",1,35,1,3,1,5,1,-61.8089561108145,-32.0140532291854,"2868a6f081401f35",0
"170",1,20,1,3,1,4,2,-62.8130711137135,-36.3205844142593,"28726d4b096ab03b",0
"171",1,40,1,2,1,4,1,-59.1662637711315,-38.2583638301751,"28c6b2c58980bfdd",0
"172",1,36,1,2,2,5,1,-58.2373800389925,-31.2907523920677,"28dbbf745254b25c",0
"173",2,60,1,2,1,7,1,-65.8420050450907,-28.4245196975075,"28f9119abb6a5243",0
"174",1,39,1,2,1,3,1,-57.7400569739232,-37.965633071548,"29182691522f7811",0
"175",2,42,1,2,1,5,1,-64.1528646180089,-31.1440566145003,"293c9a1a0382501a",0
"176",1,29,1,3,1,5,2,-58.5788319362462,-34.5948809827233,"295ca62aa8df321d",0
"177",1,27,1,3,1,3,1,-59.1662637711315,-38.2583638301751,"2964839faa40b9c6",0
"178",2,19,1,3,3,6,2,-56.8353164844026,-28.8148054043692,"298f59c68f4bccdc",0
"179",1,19,1,3,3,5,2,-59.1823363320817,-37.3364189517245,"2a2df8a8f67a8745",0
"180",1,20,1,3,3,2,2,-60.2193566900376,-32.784860345269,"2a43cb56a6bcb5f9",0
"181",1,25,1,2,1,2,1,-58.3941226666696,-34.7047432858555,"2a499bbf98b650b7",0
"182",2,22,2,3,2,6,2,-59.697057350361,-27.4334509396423,"2a675f19a7f71f36",0
"183",1,32,1,1,1,3,2,-58.2580631285934,-34.876793577096,"2aada7c442bdc923",0
"184",1,19,1,3,1,6,2,-65.2711768340015,-24.8911881837991,"2ad1a84a2cccb251",0
"185",1,40,1,2,1,5,1,-59.1823363320817,-37.3364189517245,"2b039a56294ff174",0
"186",2,30,2,3,1,3,1,-58.3941226666696,-34.7047432858555,"2b0984bc43bb0560",0
"187",2,20,1,3,3,8,2,-62.791425668622,-32.8784565749729,"2b0f49cd19d75f55",0
"188",2,19,1,3,2,9,2,-59.1275315604157,-33.9965726299644,"2b48d4213990a75d",0
"189",2,28,1,4,2,3,2,-68.0308297797123,-47.3332425134874,"2b4f2d11b63d02c2",0
"190",1,24,1,3,2,10,2,-59.1145538004664,-27.7194121391442,"2b702964d4c37f9d",0
"191",1,33,1,2,1,6,1,-58.7640220601412,-27.5196363062383,"2b83a9141a0bbc33",0
"192",1,24,1,2,1,5,2,-58.3941226666696,-34.7047432858555,"2bb7db6b09561443",0
"193",2,26,1,3,3,3,2,-59.697057350361,-27.4334509396423,"2bc6d713105db5b3",0
"194",1,45,1,3,1,3,1,-64.5861516416936,-31.222559240613,"2bcf6cbc719029fa",0
"195",2,42,1,2,1,3,1,-57.6442232539443,-37.4986823554736,"2c03c373b7fddcdf",0
"196",1,25,1,4,3,2,2,-59.1145538004664,-27.7194121391442,"2c082d942344f648",0
"197",1,32,1,3,1,4,1,-64.3070592388571,-31.7112018537678,"2c73c68a28df0821",0
"198",1,45,2,3,1,4,1,-60.0557149882389,-35.4443201419504,"2c7fb2907160128a",0
"199",1,42,1,2,1,3,1,-58.8103623815554,-34.6098501944399,"2d0c130fb386b855",0
"200",2,18,1,2,3,5,2,-61.0243023492462,-27.0755127958013,"2d11ac6889c802aa",0
"201",1,22,1,4,3,4,2,-57.635765353161,-36.3992438942775,"2d2b40b711118f8d",0
"202",1,25,1,3,1,2,1,-58.4488804101251,-34.6151479182398,"2d2c2d6d1d963f8f",0
"203",2,21,1,2,1,7,2,-58.8103623815554,-34.6098501944399,"2d35d31583b24fbd",0
"204",1,40,2,3,1,2,1,-59.1145538004664,-27.7194121391442,"2d498369bf2f6c00",0
"205",2,24,1,2,1,6,2,-61.5324253733312,-33.2230585324393,"2d4c92824c97ca79",0
"206",1,28,1,3,2,5,2,-64.3739294166881,-30.5226954344274,"2d542568c7881fa5",0
"207",1,21,1,3,1,5,2,-58.3941226666696,-34.7047432858555,"2f12b51f3369dc8a",0
"208",2,33,1,2,3,6,2,-61.1100432004277,-31.3171749553626,"2f80d70f28d42095",0
"209",2,30,1,2,3,7,2,-60.7066788994818,-33.1299963261325,"2f82311b373882bb",0
"210",2,24,1,2,1,5,2,-60.670037555783,-36.8572624889944,"30021501f3ab6438",0
"211",1,41,1,2,2,6,2,-58.6246088672568,-34.7693065019551,"300941a2316f47c5",0
"212",1,38,1,3,1,4,1,-68.741772401042,-32.8882480800092,"3012a72adff22a0f",0
"213",2,39,1,3,1,5,1,-58.5637335647496,-34.5518231350295,"3013c179cc916fd1",0
"214",1,39,1,2,3,4,2,-58.3668830324285,-34.834805250436,"304908fd05dfda87",0
"215",1,29,1,3,1,1,1,-64.1760835923602,-26.5279877986144,"3059042249f270d1",0
"216",2,34,1,2,1,3,2,-58.6246088672568,-34.7693065019551,"30850602807d7112",0
"217",2,18,1,2,3,9,2,-60.1268812916057,-31.0551462247247,"3087cbb68dcc7142",0
"218",1,38,1,2,1,3,1,-57.7400569739232,-37.965633071548,"30c5f9a6c82c2f64",0
"219",2,20,1,3,2,9,2,-58.3668830324285,-34.834805250436,"30dd7ac3d0d6dbd8",0
"220",1,40,1,2,1,5,1,-68.8008483052465,-38.8307903152535,"30f7509692b75006",0
"221",1,37,1,3,3,2,1,-58.6914314463256,-34.551278217791,"312af3da6a442ac3",0
"222",2,28,1,2,3,4,2,-58.3941226666696,-34.7047432858555,"317c965005f8260f",0
"223",1,57,1,2,1,3,1,-60.5444404968683,-33.8362510375828,"32029ad877fb90f7",0
"224",1,29,1,3,1,4,2,-61.1100432004277,-31.3171749553626,"324f50959f0ad560",0
"225",1,25,1,3,1,5,1,-71.306231274193,-40.3011508767928,"325577a799a397a3",0
"226",2,20,1,2,1,4,2,-66.5135809789634,-33.8208567840184,"328447a9990d58bf",0
"227",1,32,1,2,1,4,1,-57.7400569739232,-37.965633071548,"330c7b7f8c7f1559",0
"228",1,23,1,3,1,2,1,-58.5053444861507,-34.5263761375676,"33a1a76fc82b6515",0
"229",2,21,2,3,1,7,2,-60.6696152885451,-31.4770125774097,"33d502ca238172f4",0
"230",1,70,1,2,3,2,1,-58.5788319362462,-34.5948809827233,"342b5a6483b4c8a1",0
"231",2,35,1,3,1,4,2,-68.741772401042,-32.8882480800092,"343919f88a825b45",0
"232",1,20,1,3,3,5,2,-59.1275315604157,-33.9965726299644,"3487745d162c6032",0
"233",1,18,1,2,1,4,2,-62.1698825493603,-38.5836883883761,"348f5d26037da7a4",0
"234",2,21,1,4,1,3,2,-61.6577808129607,-31.2333312428038,"3569c34f341560a8",0
"235",1,40,1,2,1,5,1,-68.8008483052465,-38.8307903152535,"358234f2bb559646",0
"236",1,18,1,3,1,5,2,-61.9464580733227,-33.9274286765387,"35953b9a2ff3753d",0
"237",1,21,1,3,2,4,2,-67.9020452530799,-54.0284903730289,"3595ba31941255ac",0
"238",1,20,1,3,1,8,2,-65.7795488733945,-24.53667460041,"35cacd08f57540c0",0
"239",1,18,1,3,1,6,2,-64.5989732429429,-25.432454807368,"35cc070ac24d4c05",0
"240",1,40,1,3,1,6,1,-58.7770476904653,-34.511070292185,"35db621b5f76b1b8",0
"241",1,39,1,3,1,6,1,-58.3668830324285,-34.834805250436,"35f4f328c2a87c8c",0
"242",1,26,1,3,1,5,2,-55.8580595078883,-27.5432827681667,"369cc413c9323dd5",0
"243",1,35,1,2,3,4,2,-58.7412518747816,-34.710055233357,"36ad8ccf00254668",0
"244",2,21,1,3,3,3,2,-58.3781590459342,-25.938577139892,"36d380afffb2679d",0
"245",1,35,1,3,3,2,1,-58.6881604368356,-34.6351448148524,"36dbd3189ba226bd",0
"246",2,34,1,3,1,6,2,-68.8008483052465,-38.8307903152535,"36f3d72bf0823701",0
"247",1,39,1,3,3,2,1,-57.9806988681083,-34.8425971617461,"3802a8a3c7c9d8df",0
"248",1,46,1,2,1,4,1,-61.8089561108145,-32.0140532291854,"38380c3082261954",0
"249",2,44,1,3,1,3,1,-60.7066788994818,-33.1299963261325,"38a20bf83b222681",0
"250",2,37,1,2,1,2,2,-69.3006109649157,-33.2834880833563,"3a17225865d641c3",0
"251",2,49,1,3,1,2,1,-58.3668830324285,-34.834805250436,"3ab424b3cfb5d639",0
"252",2,26,1,2,2,4,1,-58.8103623815554,-34.6098501944399,"3b6a91b527d2f306",0
"253",2,27,1,2,3,2,2,-64.9789936971861,-26.9164024412054,"3b765c59a579a39a",0
"254",1,20,1,3,2,5,1,-60.5254515112398,-32.2330301273979,"3bb3474619b0374d",0
"255",1,42,1,3,1,3,1,-60.6696152885451,-31.4770125774097,"3bf3b6822bba02b8",0
"256",1,22,1,3,1,6,2,-64.1528646180089,-31.1440566145003,"3c109b7589f14091",0
"257",1,19,1,3,1,5,2,-58.3668830324285,-34.834805250436,"3c12faf7bb16f9b9",0
"258",1,21,1,3,1,4,2,-61.2740258858912,-32.7079613795576,"3c6d8d8643650862",0
"259",1,20,1,3,2,5,2,-64.3070592388571,-31.7112018537678,"3c72ca854898b4d3",0
"260",2,27,1,4,2,4,2,-67.9020452530799,-54.0284903730289,"3c9079cbc663694b",0
"261",1,18,1,3,1,4,2,-70.1277828065513,-38.5080107397005,"3cd93ad53d8541c3",0
"262",1,20,1,3,1,7,2,-58.3781590459342,-25.938577139892,"3d0940849c64d5a4",0
"263",2,20,1,4,1,3,2,-64.4933428725017,-33.3297338059771,"3d2c1a0851f48d8b",0
"264",1,29,1,2,1,6,2,-59.1145538004664,-27.7194121391442,"3d2c8927cdf6b02a",0
"265",2,67,1,3,3,3,1,-64.5861516416936,-31.222559240613,"3d344383258ca099",0
"266",1,22,1,3,1,5,2,-58.8103623815554,-34.6098501944399,"3d3a944f9574ff12",0
"267",2,46,1,2,1,3,1,-58.6192889973626,-34.6483469056608,"3db6b37b808f15f0",0
"268",1,27,1,3,1,5,2,-64.7565303558657,-27.4812881208258,"3f062df97936d102",0
"269",2,24,1,3,3,5,2,-68.6080011148552,-33.4110228011791,"3f1d929772d429db",0
"270",1,23,1,3,1,5,1,-68.3057507521875,-40.8197175258906,"3f67004f792bb825",0
"271",2,34,1,3,3,4,2,-69.2726528707856,-32.5229690773084,"3f95d2597689a136",0
"272",1,32,1,2,1,3,1,-59.1145538004664,-27.7194121391442,"3fc63993d8cf50ac",0
"273",1,38,1,3,1,5,2,-58.9025599874312,-34.4479556816522,"3ffbc7b5347d9c3d",0
"274",1,22,1,3,1,4,1,-67.9020452530799,-54.0284903730289,"402d88dcc44f6021",0
"275",1,26,1,3,3,4,2,-58.5637335647496,-34.5518231350295,"408a9d46d6f4aaf6",0
"276",1,27,1,3,1,4,2,-58.9025599874312,-34.4479556816522,"4091a3b8cba78bd0",0
"277",1,19,1,3,2,3,2,-61.2740258858912,-32.7079613795576,"40f6f902bcc0f32a",0
"278",1,19,1,3,3,4,2,-55.8580595078883,-27.5432827681667,"40f8b1402390f4d5",0
"279",1,64,1,4,3,4,1,-63.7629886607195,-40.7932088926229,"4132c95d15658222",0
"280",1,30,1,3,1,9,2,-59.1145538004664,-27.7194121391442,"4180d1f2099bb0a3",0
"281",1,19,1,2,2,5,2,-58.8103623815554,-34.6098501944399,"41995268cabc4b20",0
"282",1,25,1,2,1,2,1,-58.3668830324285,-34.834805250436,"41ba8a8734756b15",0
"283",2,31,1,2,1,4,2,-58.3413586936725,-34.6784127460771,"41c2463bc7259421",0
"284",1,20,1,3,1,5,2,-58.5379364966436,-34.4868750258075,"42646967088bb44f",0
"285",1,20,1,3,3,3,2,-58.6246088672568,-34.7693065019551,"43033c9250720072",0
"286",1,60,2,3,1,1,1,-62.8130711137135,-36.3205844142593,"4323d483a220d59c",0
"287",1,20,1,3,3,5,2,-60.7066788994818,-33.1299963261325,"433dfd5ca65887c2",0
"288",1,27,1,3,1,5,2,-58.5053444861507,-34.5263761375676,"434200206f24846f",0
"289",1,19,1,2,1,7,2,-64.1832160923879,-31.4170640978912,"434f8d38105238df",0
"290",1,40,1,3,1,6,1,-58.6192889973626,-34.6483469056608,"4360fa71ba2a9c57",0
"291",2,24,1,2,2,3,1,-58.423469690169,-34.7541169431057,"43916c50a8486514",0
"292",2,47,1,2,3,4,1,-64.5861516416936,-31.222559240613,"442d82d1c9afbd07",0
"293",2,43,1,2,1,5,1,-58.6914314463256,-34.551278217791,"4485a991dfd8a756",0
"294",2,22,1,2,1,3,1,-58.3700740901241,-32.011331491951,"44a9f92a7f3a245f",0
"295",2,28,1,3,1,3,1,-58.2767767278006,-34.7349189384936,"44c1979021681c98",0
"296",2,25,1,2,1,4,2,-58.3413586936725,-34.6784127460771,"44f6d6113fb5a62c",0
"297",2,22,1,3,3,4,2,-68.6422563610844,-31.5544504953568,"45f0d4474f31a585",0
"298",1,23,1,2,1,5,1,-67.0782719603879,-35.20683556184,"463da82a484450b8",0
"299",1,19,1,3,3,5,2,-54.5644440076595,-26.6565295307138,"467d3b72cb7ff367",0
"300",1,38,1,2,3,4,2,-58.4488804101251,-34.6151479182398,"46a5561101b5a7d2",0
"301",2,32,1,2,3,5,2,-66.5135809789634,-33.8208567840184,"46dc5f6206d9bfa3",0
"302",1,18,1,2,1,9,2,-58.4488804101251,-34.6151479182398,"46df852b1cb232df",0
"303",1,62,1,4,3,3,1,-62.8525089574504,-40.1944571354446,"470d797093520dd5",0
"304",2,24,1,2,3,4,2,-68.6689759067021,-32.9864228370018,"472219a4fb1776a9",0
"305",2,25,1,3,3,4,1,-58.0681465328077,-28.2367559570883,"47df165405f662d7",0
"306",2,65,1,3,1,2,1,-58.8654615414644,-33.2502036906973,"47fa8d8d9f567470",0
"307",2,28,1,2,3,4,2,-61.8089561108145,-32.0140532291854,"4827515db5965488",0
"308",1,20,1,2,2,3,2,-64.9230501419912,-42.4472770269569,"483447a81274f49d",0
"309",2,35,1,2,1,2,2,-58.8103623815554,-34.6098501944399,"48587d7704078c46",0
"310",2,22,1,3,3,3,2,-59.5279587708288,-28.6764585126372,"489d8b32b35b8af3",0
"311",1,70,2,1,3,10,2,-63.732867013151,-36.8855332712728,"48c4cb4d26c36f83",0
"312",2,21,1,4,3,6,2,-69.3006109649157,-33.2834880833563,"4993303442177d07",0
"313",1,44,2,3,1,4,1,-58.2580631285934,-34.876793577096,"49bb97c372cc4224",0
"314",1,25,1,2,1,1,1,-58.5447837824873,-34.1483185346441,"49cd1d0add6f35c0",0
"315",1,35,1,3,1,5,1,-61.7047418962957,-32.6122445710241,"49d8bf2d6b8b9031",0
"316",2,20,1,2,1,4,1,-61.7047418962957,-32.6122445710241,"49f7bba5cddb2348",0
"317",1,19,1,2,1,5,2,-68.3505615915447,-34.9460322967049,"4a0534a129389372",0
"318",1,28,1,3,1,5,2,-64.432235728455,-27.8874401651362,"4a4d1b0bbf7b71f6",0
"319",1,20,1,2,1,6,2,-62.8471169150996,-38.7344725761528,"4a5d5c811110d4f5",0
"320",1,22,1,4,3,3,2,-61.5111722413601,-35.0509276229617,"4a642a3d1050d266",0
"321",1,28,1,3,1,1,1,-65.0698568024222,-43.1367830367119,"4a76355a9b91067c",0
"322",1,27,1,2,1,9,2,-58.7412518747816,-34.710055233357,"4aa08a02d6240da6",0
"323",1,29,1,3,1,2,2,-61.6577808129607,-31.2333312428038,"4aa1903141045a78",0
"324",1,31,1,3,1,4,1,-65.8420050450907,-28.4245196975075,"4aa232986f4fa425",0
"325",1,20,1,3,3,6,2,-61.8343505329433,-38.8498593338339,"4b1cd93bc0849122",0
"326",1,20,1,4,3,3,2,-62.1698825493603,-38.5836883883761,"4b69ac1730fb4627",0
"327",2,50,1,3,1,2,1,-58.6192889973626,-34.6483469056608,"4b728283d354b174",0
"328",1,33,1,1,2,8,2,-58.7770476904653,-34.511070292185,"4bb56a5aa30f985f",0
"329",2,20,2,3,2,5,2,-58.0681465328077,-28.2367559570883,"4bdcb2925a4d4604",0
"330",2,36,1,3,2,4,2,-60.7066788994818,-33.1299963261325,"4bf6bf24b550f551",0
"331",1,57,1,2,1,3,1,-58.7412518747816,-34.710055233357,"4c06dbad6ca71f82",0
"332",2,41,1,2,1,4,1,-58.6246088672568,-34.7693065019551,"4c1860f7033a32fc",0
"333",1,22,1,3,3,3,2,-58.7107768920109,-26.9501251955646,"4c2b789b85309135",0
"334",2,38,1,3,1,5,1,-58.5641494773466,-34.8752388864172,"4c2f19d4321187f2",0
"335",1,18,1,3,3,5,2,-59.5279587708288,-28.6764585126372,"4c315c02fffbc765",0
"336",1,40,1,3,2,5,1,-59.1145538004664,-27.7194121391442,"4c550f1fb13ba25a",0
"337",2,40,1,3,3,4,2,-58.3976943022257,-34.9291236978428,"4c6dfab0db1f6310",0
"338",2,46,2,3,2,4,2,-58.5641494773466,-34.8752388864172,"4ca838d0175d2350",0
"339",2,33,1,3,1,4,1,-58.423469690169,-34.7541169431057,"4cbabd7483c8bddb",0
"340",2,19,1,3,1,7,2,-60.6035483586041,-35.061197091264,"4cd41f3a37ca4c72",0
"341",2,86,1,3,3,1,1,-58.6246088672568,-34.7693065019551,"4cf76221446139fc",0
"342",1,27,1,4,2,3,2,-67.7093785858779,-45.2860015577364,"4d028db6fc9c7835",0
"343",2,19,2,3,3,3,2,-58.2373800389925,-31.2907523920677,"4d0430fdd0a7afcb",0
"344",1,28,1,3,1,5,1,-64.5861516416936,-31.222559240613,"4d545234401749ad",0
"345",1,25,1,3,1,5,2,-55.8580595078883,-27.5432827681667,"4dd080d1360c3ad8",0
"346",2,26,1,3,3,4,1,-58.3781590459342,-25.938577139892,"4dd2833c7f5fb428",0
"347",1,20,1,3,1,4,2,-58.5053444861507,-34.5263761375676,"501262387c9431c7",0
"348",1,18,1,3,2,4,2,-65.8050590928187,-27.273210029554,"50367a13f96acd3b",0
"349",2,65,1,3,1,1,1,-60.7066788994818,-33.1299963261325,"5040dbdad3ccba20",0
"350",1,27,1,3,1,3,1,-58.4762694631934,-34.8303492519273,"505686c759a4d61c",0
"351",1,39,1,4,1,4,1,-58.4978020546961,-37.9161729123381,"508f4c0ac13fadf6",0
"352",2,66,1,3,3,3,1,-64.1832160923879,-31.4170640978912,"509350adf4950a6c",0
"353",2,62,1,1,3,3,2,-58.423469690169,-34.7541169431057,"509c43a82d512a76",0
"354",1,38,1,3,1,4,1,-68.741772401042,-32.8882480800092,"50a6f682b4db35b8",0
"355",1,39,1,2,1,3,1,-71.306231274193,-40.3011508767928,"50ad3101dc1f3fbd",0
"356",2,22,1,3,1,7,2,-60.9750170479814,-35.4815001862116,"511f38918a09b06b",0
"357",1,44,1,3,1,3,1,-60.6696152885451,-31.4770125774097,"512bb037bb721169",0
"358",1,34,1,2,1,4,1,-64.1832160923879,-31.4170640978912,"51371578afca821a",0
"359",2,30,1,2,1,5,2,-59.1015886491161,-35.1264103130654,"51480b2b383b3017",0
"360",2,25,1,2,1,4,2,-58.4488804101251,-34.6151479182398,"517588d4bd094fc1",0
"361",1,31,1,3,2,5,1,-63.9074868844827,-27.8503515948651,"51d8c125682cf68a",0
"362",2,42,1,3,3,5,2,-68.9011851830163,-32.9282796299466,"5228b01f7d092611",0
"363",1,22,1,2,1,5,1,-57.8191386324828,-29.0657478357939,"523b37116db02325",0
"364",1,20,1,4,3,4,2,-63.6063353276385,-33.3294461525529,"523d1d2164f101fb",0
"365",1,38,1,4,1,4,1,-57.7400569739232,-37.965633071548,"525740c67440c7d1",0
"366",1,30,1,4,1,3,2,-64.9230501419912,-42.4472770269569,"526311d6f0764fa3",0
"367",2,45,1,2,1,6,1,-58.6914314463256,-34.551278217791,"53503170f092a14c",0
"368",2,49,1,3,1,2,1,-58.5641494773466,-34.8752388864172,"535506953a02ffc0",0
"369",2,19,1,2,1,4,2,-61.049649970697,-32.1553227683438,"5394957f2c5a236d",0
"370",1,39,1,3,1,3,1,-60.7066788994818,-33.1299963261325,"53b73276881b13d1",0
"371",1,31,1,2,2,5,1,-68.6689759067021,-32.9864228370018,"53bc44b0f15a26f6",0
"372",1,41,1,2,1,3,1,-68.8008483052465,-38.8307903152535,"53cb8f2d3491463d",0
"373",2,45,2,2,2,3,2,-64.1832160923879,-31.4170640978912,"541d533ccd6d1971",0
"374",1,27,1,2,1,3,2,-60.0557149882389,-35.4443201419504,"5434bd8b69b63208",0
"375",1,20,1,3,3,4,2,-62.1698825493603,-38.5836883883761,"546f2c26d0c05436",0
"376",2,73,1,2,3,2,1,-60.670037555783,-36.8572624889944,"55122a60d612ff09",0
"377",1,34,1,3,2,3,1,-65.7795488733945,-24.53667460041,"55173f1883af0222",0
"378",2,29,1,2,3,4,2,-61.1100432004277,-31.3171749553626,"5542bf7515640b92",0
"379",2,28,1,3,1,3,1,-58.2767767278006,-34.7349189384936,"554770a0b9dc29b4",0
"380",1,36,1,2,1,6,1,-59.1662637711315,-38.2583638301751,"55b837696b8d055a",0
"381",1,45,1,2,1,5,1,-62.5251535452325,-31.236000623864,"55dd515af056d4bd",0
"382",2,33,1,3,1,4,1,-58.6490721584121,-34.5983174361618,"568afdc52c399155",0
"383",1,18,1,3,1,3,2,-66.1880294951236,-37.4726893910185,"56dd9b2b61f8067b",0
"384",1,33,1,2,1,6,1,-60.6572211357287,-27.7440503233402,"57279791d550f8cd",0
"385",1,41,1,2,1,2,1,-58.3941226666696,-34.7047432858555,"572afc419fdcf2cc",0
"386",2,76,1,4,3,2,1,-60.6696152885451,-31.4770125774097,"57366480560478fb",0
"387",1,18,1,2,2,5,2,-58.8103623815554,-34.6098501944399,"5767727b886191d7",0
"388",2,31,1,3,1,5,1,-59.1145538004664,-27.7194121391442,"57a71afa9c8948aa",0
"389",2,19,1,3,3,9,2,-64.3070592388571,-31.7112018537678,"57a9dc88fbca4bba",0
"390",1,24,1,3,1,5,2,-67.7093785858779,-45.2860015577364,"57d0105b40f09716",0
"391",2,44,1,4,1,4,2,-64.432235728455,-27.8874401651362,"57fa336f2fd09187",0
"392",1,29,1,3,2,4,2,-64.1528646180089,-31.1440566145003,"5816d5d6560c0b61",0
"393",1,41,1,3,1,4,1,-60.0438436477086,-31.6969409558606,"586657994f8c9b9d",0
"394",1,39,1,2,1,5,1,-61.0059804425198,-34.5467916989979,"58939f47f6c69a3a",0
"395",1,33,2,3,2,3,2,-58.6064376242289,-34.3821627094564,"589406aad4664904",0
"396",1,19,1,3,2,3,2,-61.6577808129607,-31.2333312428038,"58a6036f254a8442",0
"397",2,27,1,2,3,4,2,-58.6246088672568,-34.7693065019551,"58d6f41487c788f1",0
"398",1,28,1,2,1,5,1,-58.7412518747816,-34.710055233357,"58d7bfb38cb5b477",0
"399",1,26,1,2,1,3,1,-64.439332767481,-23.1429195145417,"5912dacfbf6ca7c6",0
"400",2,34,1,2,3,3,2,-68.5219320837078,-31.4875762140558,"591b10315a27f82c",0
"401",1,19,1,3,3,4,2,-55.8580595078883,-27.5432827681667,"5933f6c41f26c0f0",0
"402",1,23,2,3,2,7,2,-65.8420050450907,-28.4245196975075,"595f06f81b403cf0",0
"403",2,30,1,2,1,6,2,-58.6246088672568,-34.7693065019551,"596cb3a6d529193c",0
"404",2,66,1,3,1,2,1,-58.5053444861507,-34.5263761375676,"5a398a4094b9749b",0
"405",2,54,1,4,1,9,1,-65.8420050450907,-28.4245196975075,"5a496836d044123f",0
"406",2,36,1,3,1,3,2,-69.4620765650695,-33.0358285916873,"5a75587d7562f071",0
"407",1,31,1,3,1,5,1,-64.432235728455,-27.8874401651362,"5ac602ba5a704df6",0
"408",1,46,1,2,1,6,1,-60.6696152885451,-31.4770125774097,"5b104fd98d5bd24a",0
"409",1,28,2,2,1,5,1,-67.5580664653313,-38.5298248372128,"5b4002466a492c0b",0
"410",1,42,1,3,1,4,1,-65.141948439425,-32.0761739101578,"5b791cff887ba236",0
"411",2,40,1,3,3,4,2,-58.3668830324285,-34.834805250436,"5ba7d6d42750c665",0
"412",1,22,1,3,2,3,2,-60.5254515112398,-32.2330301273979,"5bb965ba8bc4234d",0
"413",1,20,1,3,3,3,2,-58.3941226666696,-34.7047432858555,"5bc05174a945c5b3",0
"414",1,26,1,3,1,9,2,-58.2373800389925,-31.2907523920677,"5bd57ccc5585aa84",0
"415",2,36,1,2,1,5,2,-58.6490721584121,-34.5983174361618,"5bd8d981d9da89b7",0
"416",1,20,1,3,3,3,2,-58.8103623815554,-34.6098501944399,"5c068f07c4bbc6a5",0
"417",1,43,1,2,1,3,1,-64.9230501419912,-42.4472770269569,"5c8cf1b5b1998773",0
"418",1,21,1,3,3,4,2,-59.1145538004664,-27.7194121391442,"5cb839141f39a3f2",0
"419",2,31,1,3,1,6,1,-59.1145538004664,-27.7194121391442,"5d0554f9cc334236",0
"420",1,21,1,3,1,4,1,-67.9020452530799,-54.0284903730289,"5d41791ba8544d9d",0
"421",1,23,1,3,3,6,2,-58.2580631285934,-34.876793577096,"5d5c68d5862f0178",0
"422",1,36,1,2,1,6,1,-59.1823363320817,-37.3364189517245,"5d615a26cf43f573",0
"423",2,21,1,2,3,5,2,-60.6696152885451,-31.4770125774097,"5da6d425022149ca",0
"424",2,43,1,2,1,4,1,-64.1528646180089,-31.1440566145003,"5dcc26c5a3d5d854",0
"425",1,19,1,3,3,3,2,-58.917166606432,-25.7764661710911,"5f04c0cd560d4034",0
"426",1,41,1,2,1,2,1,-58.3941226666696,-34.7047432858555,"5f08d245cb951848",0
"427",2,31,1,2,3,6,2,-60.6696152885451,-31.4770125774097,"5f2f203c853dc931",0
"428",1,60,2,2,1,4,1,-59.4209629556857,-34.6970863011454,"5f66897b385c2653",0
"429",1,32,1,2,1,4,1,-57.7400569739232,-37.965633071548,"5f87004bfbc6ffff",0
"430",2,75,1,2,3,1,1,-58.8654615414644,-33.2502036906973,"5fd29f5c5a599666",0
"431",2,29,2,2,1,2,1,-58.6246088672568,-34.7693065019551,"5fd2a47351d0dcb3",0
"432",1,38,1,2,3,4,2,-58.3668830324285,-34.834805250436,"60035b597dafa781",0
"433",2,46,1,2,1,2,1,-58.8654615414644,-33.2502036906973,"60354c8767a4412b",0
"434",2,19,1,2,1,4,1,-60.7066788994818,-33.1299963261325,"606a8b5d82489f78",0
"435",2,29,1,3,3,3,2,-64.1807058093911,-27.4502296802384,"60816d0222c48a10",0
"436",2,71,1,2,3,3,1,-58.5788319362462,-34.5948809827233,"608a74c8b23a621b",0
"437",2,20,1,3,3,9,2,-64.1832160923879,-31.4170640978912,"60af2bb9d5003a2d",0
"438",1,70,1,3,3,2,1,-62.1698825493603,-38.5836883883761,"615392bd779c64db",0
"439",2,71,1,1,3,2,1,-60.7874549575384,-34.1931035382178,"6170b10f73bf03aa",0
"440",1,27,1,2,1,6,1,-60.6696152885451,-31.4770125774097,"61b59d8b783d8a0b",0
"441",1,27,1,2,1,3,1,-65.432605838322,-24.0861500844631,"61c3775556c1a8f7",0
"442",2,20,1,3,3,5,2,-59.2378215830148,-29.9823200507075,"6253510c3dad732b",0
"443",1,22,1,2,1,6,2,-60.9632479719998,-32.9473767894086,"625b4875899d904f",0
"444",2,19,1,3,2,9,2,-58.0180951945351,-35.0034017708424,"62a1a5d86cf703f1",0
"445",1,41,1,2,1,5,2,-61.0059804425198,-34.5467916989979,"6318370c8aaa7054",0
"446",1,34,1,3,1,5,1,-64.432235728455,-27.8874401651362,"636bc810216ddd12",0
"447",1,38,1,2,1,1,1,-58.4488804101251,-34.6151479182398,"636fd7b900bd2991",0
"448",2,18,2,3,3,7,2,-58.7640220601412,-27.5196363062383,"6395477185ab7c63",0
"449",1,32,1,3,1,5,2,-58.4488804101251,-34.6151479182398,"63a5f70c65d5ac1f",0
"450",2,46,1,3,1,3,2,-65.2711768340015,-24.8911881837991,"63cb50330afd1d38",0
"451",1,25,2,3,1,6,2,-58.3781590459342,-25.938577139892,"63dd0a469db10112",0
"452",1,19,1,3,3,5,2,-58.7107768920109,-26.9501251955646,"6430ddbcb8520bd4",0
"453",1,48,1,3,1,6,1,-58.3668830324285,-34.834805250436,"646f21d2815a50f8",0
"454",1,27,1,2,1,6,2,-63.2562238529538,-32.5143344670918,"657b033d5b27db79",0
"455",2,20,1,2,1,3,2,-61.7047418962957,-32.6122445710241,"658fa8afccc71a98",0
"456",1,34,1,2,1,4,1,-59.697057350361,-27.4334509396423,"65a20249bd8fff94",0
"457",2,39,1,3,1,5,1,-58.6881604368356,-34.6351448148524,"65cf3336b7a5a533",0
"458",2,36,1,2,1,2,2,-58.3668830324285,-34.834805250436,"65d7d55fc60cc2df",0
"459",2,42,1,2,1,6,1,-58.2580631285934,-34.876793577096,"65f19aa4a43ad652",0
"460",1,21,1,3,1,4,2,-61.6577808129607,-31.2333312428038,"66b83743690404c3",0
"461",1,37,1,2,1,5,1,-58.423469690169,-34.7541169431057,"66ddbc517d70b747",0
"462",2,27,1,2,3,4,2,-58.6246088672568,-34.7693065019551,"67f0334a10a691a4",0
"463",1,30,1,3,1,4,2,-60.6696152885451,-31.4770125774097,"67f959f91a293c4f",0
"464",1,29,1,2,1,3,1,-65.432605838322,-24.0861500844631,"681f600903c76a6f",0
"465",1,26,1,2,1,1,1,-58.7704904274157,-34.3278587595283,"68217a26c38f7640",0
"466",1,20,1,3,1,3,2,-61.8343505329433,-38.8498593338339,"6833459f9f5a4963",0
"467",1,40,1,3,1,4,1,-60.0438436477086,-31.6969409558606,"685a36ba00d87137",0
"468",1,31,1,2,1,3,1,-56.9258085562639,-36.6558414912978,"686b2d3264dd0923",0
"469",2,32,1,3,3,6,2,-68.8008483052465,-38.8307903152535,"6929bd41f64a7795",0
"470",1,20,1,2,1,5,2,-68.3505615915447,-34.9460322967049,"6976f9c718039615",0
"471",1,18,1,3,2,4,2,-66.3702743222188,-29.4574921855042,"69860dc6a7ba905b",0
"472",1,45,1,2,1,4,1,-61.9464580733227,-33.9274286765387,"69a797365893107a",0
"473",2,42,1,2,1,5,1,-58.1552215029755,-34.8181707378354,"69d9a77bd4869c03",0
"474",1,27,1,4,1,2,2,-65.0698568024222,-43.1367830367119,"6a7d0930bbd090a3",0
"475",1,46,2,3,1,4,1,-60.7066788994818,-33.1299963261325,"6a92144253520aac",0
"476",1,25,1,3,1,2,2,-58.4488804101251,-34.6151479182398,"6a98d448c10f2b85",0
"477",2,21,1,3,3,4,2,-68.5219320837078,-31.4875762140558,"6a99c2949c0a3790",0
"478",1,27,1,2,2,3,2,-64.3070592388571,-31.7112018537678,"6aa656267d4322cb",0
"479",1,27,2,2,1,4,1,-64.1832160923879,-31.4170640978912,"6ac2832627ca1d4a",0
"480",1,27,1,3,1,5,2,-58.5379364966436,-34.4868750258075,"6ac3143494954476",0
"481",2,22,1,2,1,5,2,-58.6246088672568,-34.7693065019551,"6ad2d15638a479ac",0
"482",2,22,1,3,3,3,2,-55.3347009545206,-27.1734349319976,"6b0fbd779431c6db",0
"483",2,31,1,2,2,8,2,-58.6192889973626,-34.6483469056608,"6b12f745732c2f21",0
"484",2,34,1,3,1,5,2,-58.2767767278006,-34.7349189384936,"6b462b6b8f5a5785",0
"485",2,40,1,3,3,4,2,-58.8103623815554,-34.6098501944399,"6b47dc8122770945",0
"486",1,27,1,2,2,11,2,-68.5219320837078,-31.4875762140558,"6b6d35b3a2b8d1d5",0
"487",1,27,1,3,1,3,1,-58.6490721584121,-34.5983174361618,"6b70434a8d933bd5",0
"488",2,18,1,3,1,6,2,-60.0150359333227,-27.0224891208631,"6bb0b0a39b711633",0
"489",1,21,1,3,1,4,2,-58.2767767278006,-34.7349189384936,"6bd08b72b51f67af",0
"490",2,32,1,3,2,5,2,-66.5135809789634,-33.8208567840184,"6c24c06c9df555a1",0
"491",1,68,1,2,3,2,1,-58.2767767278006,-34.7349189384936,"6c4c97d2b0a4cc15",0
"492",2,66,1,3,3,1,1,-62.1698825493603,-38.5836883883761,"6c4f277f289001b2",0
"493",2,65,1,3,3,2,1,-62.1698825493603,-38.5836883883761,"6c63178bc3988ff2",0
"494",2,24,1,2,2,4,1,-58.6246088672568,-34.7693065019551,"6d6378a5f7d1777d",0
"495",2,40,1,3,2,4,2,-60.7066788994818,-33.1299963261325,"6d6f1913c2aa1261",0
"496",1,19,1,3,3,4,2,-59.1145538004664,-27.7194121391442,"6d73576d69860191",0
"497",2,26,1,3,3,3,2,-59.5279587708288,-28.6764585126372,"6da2a0f5a05ca898",0
"498",1,49,1,2,3,4,1,-56.9258085562639,-36.6558414912978,"6dd940a9bff42917",0
"499",1,24,1,1,1,3,1,-64.821999556984,-26.524144770973,"6ddf1c2278a1cbd6",0
"500",1,28,1,3,1,5,2,-58.7412518747816,-34.710055233357,"6f35666cd8c507dd",0
"501",1,41,1,3,1,5,1,-60.5444404968683,-33.8362510375828,"6f4fba854c5c8aff",0
"502",2,45,1,2,1,4,1,-64.1832160923879,-31.4170640978912,"70820c0634d20b7a",0
"503",2,26,1,3,3,3,2,-59.1145538004664,-27.7194121391442,"70a5696f8838bcab",0
"504",1,23,1,3,1,2,2,-58.5053444861507,-34.5263761375676,"70d6a46377a2cdd2",0
"505",1,28,1,3,1,5,2,-65.2178480527046,-26.8333109955845,"70d9774a620f5858",0
"506",1,38,1,4,1,4,1,-57.7400569739232,-37.965633071548,"7165bb95f4af9386",0
"507",1,27,1,2,1,5,1,-58.7704904274157,-34.3278587595283,"719112cc5bdc4fb2",0
"508",1,33,1,2,1,3,1,-59.1145538004664,-27.7194121391442,"71f20d322c4ab1d3",0
"509",1,30,1,3,1,3,1,-65.0698568024222,-43.1367830367119,"71fc9b9bddf531a8",0
"510",1,34,1,3,1,3,2,-65.432605838322,-24.0861500844631,"72625730acb5b489",0
"511",1,18,1,2,1,8,2,-68.3057507521875,-40.8197175258906,"7269b29277dc7007",0
"512",2,76,1,3,3,2,1,-58.4488804101251,-34.6151479182398,"729767c3a9802568",0
"513",1,37,1,2,1,5,1,-58.423469690169,-34.7541169431057,"729f4746606f895f",0
"514",2,33,1,2,1,3,2,-58.2767767278006,-34.7349189384936,"72b82a11f6bd426d",0
"515",1,26,1,3,2,4,2,-70.5663895816414,-51.4133900352533,"72f8424a405ffb11",0
"516",1,27,1,3,1,3,1,-58.4762694631934,-34.8303492519273,"7327d79617f4908d",0
"517",1,22,1,3,3,5,2,-59.9587853052329,-34.9154768714772,"733c6d1a437b9713",0
"518",2,21,1,2,1,4,2,-60.9632479719998,-32.9473767894086,"7345ca70497c121b",0
"519",2,42,1,2,3,4,2,-68.741772401042,-32.8882480800092,"7392f48c4ac92307",0
"520",1,43,1,2,1,3,1,-58.6914314463256,-34.551278217791,"73b8b1fb8852b4d2",0
"521",2,35,1,2,1,4,2,-58.5788319362462,-34.5948809827233,"74433c13a3269ab4",0
"522",1,35,1,1,2,7,2,-58.5447837824873,-34.1483185346441,"745f744a3f0b3300",0
"523",1,24,1,2,1,2,1,-58.5379364966436,-34.4868750258075,"749a85bdd3598130",0
"524",1,50,1,2,3,4,1,-59.9587853052329,-34.9154768714772,"74a1c6b6b97919ab",0
"525",1,24,1,3,3,4,2,-58.0180951945351,-35.0034017708424,"74a642a219224710",0
"526",1,35,1,2,2,7,2,-58.2580631285934,-34.876793577096,"74a72dddd8931328",0
"527",1,21,1,2,1,4,2,-62.1698825493603,-38.5836883883761,"74c17b2d032c6155",0
"528",1,20,1,3,3,5,2,-58.7640220601412,-27.5196363062383,"74cf72934d4373cf",0
"529",2,81,1,4,3,1,1,-60.7066788994818,-33.1299963261325,"7588856aa441cac0",0
"530",1,19,1,3,1,4,2,-67.0782719603879,-35.20683556184,"761bc70a75a37bc0",0
"531",2,26,1,2,3,4,2,-69.3006109649157,-33.2834880833563,"76634a5b203267af",0
"532",1,26,1,2,1,4,2,-68.3057507521875,-40.8197175258906,"76b6965668c54fb5",0
"533",1,21,1,2,1,3,1,-58.917166606432,-25.7764661710911,"76caf4986c9f60df",0
"534",2,19,1,4,2,5,2,-64.1832160923879,-31.4170640978912,"77323f36418d3b37",0
"535",1,24,1,3,1,3,2,-58.3781590459342,-25.938577139892,"77410bb3f869989d",0
"536",2,22,1,3,1,6,2,-60.670037555783,-36.8572624889944,"777f5fa4b9844235",0
"537",1,24,1,3,1,2,1,-58.6914314463256,-34.551278217791,"77a5442ab4c3c9b4",0
"538",2,42,1,2,1,4,1,-58.2767767278006,-34.7349189384936,"7803071abb4fcc51",0
"539",1,35,1,2,1,5,1,-58.423469690169,-34.7541169431057,"78909cc07b775196",0
"540",1,26,1,2,1,5,2,-68.4670789691707,-31.6870540820238,"78bd2a86a591539f",0
"541",1,28,1,2,1,12,1,-60.6696152885451,-31.4770125774097,"78d7a14a26031760",0
"542",1,27,1,3,1,5,2,-58.5637335647496,-34.5518231350295,"78f55fcb890835dc",0
"543",2,22,1,3,1,5,2,-58.3668830324285,-34.834805250436,"7901f3ad25af7329",0
"544",2,22,1,3,3,3,2,-69.5128052140985,-33.6252198323936,"79221037cb301236",0
"545",2,39,1,2,1,4,1,-58.9025599874312,-34.4479556816522,"792d0d1dfc5246f9",0
"546",2,25,1,3,3,2,1,-57.8191386324828,-29.0657478357939,"7942254a522f0808",0
"547",1,43,1,2,1,3,1,-58.6490721584121,-34.5983174361618,"7944b9975c18ac2f",0
"548",1,20,1,3,1,5,2,-58.9025599874312,-34.4479556816522,"79b24b94ff45bf32",0
"549",2,28,1,3,1,3,1,-58.6246088672568,-34.7693065019551,"79b6a2ddd2a1b29a",0
"550",2,39,1,2,3,4,1,-61.8089561108145,-32.0140532291854,"79cdc5426a627cb7",0
"551",1,54,1,2,1,4,1,-61.8889523406577,-37.53163910815,"79dc8313b017b0fb",0
"552",1,22,1,3,1,4,2,-58.9025599874312,-34.4479556816522,"7a943163d701da09",0
"553",1,34,1,3,1,6,2,-58.3413586936725,-34.6784127460771,"7aacbc6514194a96",0
"554",1,25,1,2,1,5,2,-58.2767767278006,-34.7349189384936,"7ac9cbb4465f28fd",0
"555",1,39,1,2,1,2,1,-58.4488804101251,-34.6151479182398,"7b017dd34b487796",0
"556",2,41,1,2,1,2,2,-68.5342005205531,-31.5331511580079,"7b04f98f325cf8ca",0
"557",2,45,2,3,2,4,2,-62.3041170545294,-35.0520306025413,"7b2b722a1c319515",0
"558",1,21,1,2,1,8,2,-62.4346275658807,-37.7707717623269,"7b67ff86f0843fa7",0
"559",1,23,2,3,1,2,1,-58.8654615414644,-33.2502036906973,"7b9bd90604c786bc",0
"560",2,30,1,3,3,4,2,-65.2711768340015,-24.8911881837991,"7bfd8c2ba6953554",0
"561",1,19,1,3,3,2,2,-61.9464580733227,-33.9274286765387,"7bffc692f4fd1c3f",0
"562",1,34,1,2,1,2,1,-55.8580595078883,-27.5432827681667,"7c003193207926b8",0
"563",2,25,1,2,1,5,2,-58.3700740901241,-32.011331491951,"7c624b249b3c462c",0
"564",2,68,1,3,1,2,1,-58.5447837824873,-34.1483185346441,"7c727bfa8a3405c0",0
"565",1,24,1,1,1,8,1,-67.5580664653313,-38.5298248372128,"7ca0954286d7b18a",0
"566",1,19,1,3,1,3,2,-58.9025599874312,-34.4479556816522,"7d2ccab01b398b14",0
"567",1,25,1,2,1,5,2,-68.741772401042,-32.8882480800092,"7db40dadb34944b4",0
"568",1,20,1,4,3,4,2,-59.1823363320817,-37.3364189517245,"7df7813f6a48d70b",0
"569",1,29,1,3,2,4,2,-64.5861516416936,-31.222559240613,"7f19c23486a41a9a",0
"570",2,37,1,3,3,7,2,-56.8353164844026,-28.8148054043692,"7f43945390342122",0
"571",1,27,1,3,1,1,1,-66.9139959361669,-24.862192271669,"7fdd40948b9476db",0
"572",1,38,1,3,1,4,1,-68.9011851830163,-32.9282796299466,"803b1c3315af53cf",0
"573",1,22,1,3,3,3,2,-59.1145538004664,-27.7194121391442,"80548a809f1330a2",0
"574",1,30,1,2,3,6,2,-58.4488804101251,-34.6151479182398,"8059c0a637dcc92c",0
"575",2,27,1,2,3,3,2,-69.4620765650695,-33.0358285916873,"80670ca183c1063d",0
"576",2,40,1,3,3,4,2,-58.6914314463256,-34.551278217791,"80733d781175cb53",0
"577",1,29,2,2,1,5,1,-58.1552215029755,-34.8181707378354,"80ab3f0761489668",0
"578",1,69,1,3,3,1,1,-62.8525089574504,-40.1944571354446,"816b5a54d738c7da",0
"579",1,24,1,3,3,4,2,-58.5637335647496,-34.5518231350295,"8174d3d48bfaf858",0
"580",1,32,1,2,1,4,1,-63.4769207257252,-31.7330271897257,"81a8357594d85592",0
"581",2,19,1,3,1,5,2,-58.3781590459342,-25.938577139892,"81ca07827dd0cc2c",0
"582",1,34,2,1,2,2,2,-58.4762694631934,-34.8303492519273,"81cd5bf41146fd57",0
"583",2,19,1,4,2,5,2,-64.1832160923879,-31.4170640978912,"81d8ffb3cb6db7bc",0
"584",2,43,1,2,1,4,1,-58.4762694631934,-34.8303492519273,"82129cbabf471174",0
"585",1,28,1,2,2,4,2,-68.741772401042,-32.8882480800092,"82362df315365a16",0
"586",1,25,1,2,1,4,2,-54.3959063275068,-25.8735445482849,"8266ccfdb32b1bb9",0
"587",2,43,1,2,1,4,1,-58.3668830324285,-34.834805250436,"826769f2c7c50568",0
"588",2,39,1,3,3,5,2,-58.7640220601412,-27.5196363062383,"8288b3846da86989",0
"589",2,33,1,4,2,4,2,-69.3169581012444,-36.1556995667663,"82ad9f7b7094ff3f",0
"590",2,31,1,2,2,8,2,-58.5637335647496,-34.5518231350295,"82b59b35918dc6f0",0
"591",1,19,1,3,3,5,2,-59.5279587708288,-28.6764585126372,"82d9da73df17c187",0
"592",2,42,1,2,2,7,2,-64.5989732429429,-25.432454807368,"8385c5fdb2978a65",0
"593",2,44,1,2,1,3,1,-62.5251535452325,-31.236000623864,"83ab97bd18515430",0
"594",1,19,1,3,2,3,1,-60.7066788994818,-33.1299963261325,"83c39484c3359669",0
"595",1,31,1,2,1,5,1,-61.1100432004277,-31.3171749553626,"844bc5d2a42fddb8",0
"596",1,41,1,3,1,3,1,-60.7066788994818,-33.1299963261325,"8467f9142b536233",0
"597",2,19,1,2,1,6,2,-58.0180951945351,-35.0034017708424,"84af385042492cc7",0
"598",1,33,2,2,2,6,2,-58.0180951945351,-35.0034017708424,"84d339567774b862",0
"599",2,19,1,4,2,5,2,-64.1832160923879,-31.4170640978912,"84fa3af3c1a79c89",0
"600",1,33,1,2,2,5,1,-68.9011851830163,-32.9282796299466,"8504dc93fcd8aad0",0
"601",2,22,1,3,3,3,2,-54.5644440076595,-26.6565295307138,"852226f20ca59cff",0
"602",1,30,1,2,1,5,1,-60.0438436477086,-31.6969409558606,"853179992d14f75f",0
"603",1,42,2,3,1,4,1,-58.6246088672568,-34.7693065019551,"85912b31b333bf24",0
"604",1,43,1,3,1,5,2,-58.423469690169,-34.7541169431057,"85c754bcb7432295",0
"605",2,21,1,3,3,5,2,-59.2551834162208,-29.4528061477907,"85cf49505cb2c674",0
"606",1,46,1,3,1,4,2,-56.8732351568493,-37.1146476588017,"8624f9d9f16a5f15",0
"607",2,21,1,3,3,3,2,-55.0712937081447,-27.4735060241037,"863c0f92ac13325c",0
"608",1,29,1,2,3,6,2,-59.1275315604157,-33.9965726299644,"86a0d7cc96f5b98c",0
"609",2,76,1,2,3,2,1,-58.423469690169,-34.7541169431057,"87646f9d311a7d9c",0
"610",2,28,1,3,3,4,2,-65.0132947832702,-25.8560273099888,"8787aa032a455126",0
"611",1,27,2,2,2,1,1,-67.4296629904514,-29.400291414559,"87d25269f503a540",0
"612",1,32,1,3,1,6,2,-58.7412518747816,-34.710055233357,"882ab3b3fc222d35",0
"613",1,20,1,3,2,4,1,-59.1568059719232,-34.5684818918404,"88563df26d0bb696",0
"614",1,22,1,3,1,3,2,-61.8343505329433,-38.8498593338339,"88588cb51953d0f2",0
"615",2,45,1,2,1,5,1,-58.4889605158083,-36.6969655127785,"885dd6473031bc4a",0
"616",1,32,1,4,1,4,2,-66.3702743222188,-29.4574921855042,"8898bb7ba2ad3809",0
"617",1,31,1,2,2,3,1,-64.6214326128784,-32.2070268867273,"88b00c58a35453f4",0
"618",2,49,1,3,1,2,1,-58.2580631285934,-34.876793577096,"88b2c321136dc53d",0
"619",1,28,1,3,1,3,2,-64.1832160923879,-31.4170640978912,"88fd9bfa3b4185c9",0
"620",2,19,1,4,3,5,2,-68.6422563610844,-31.5544504953568,"89267376159a2082",0
"621",1,23,1,3,1,5,2,-55.8580595078883,-27.5432827681667,"893b9104ccddcc32",0
"622",2,28,1,3,1,3,1,-58.2767767278006,-34.7349189384936,"899b20a7fdf41287",0
"623",2,28,1,3,2,4,1,-58.9322910127938,-28.5003937146504,"89a8547023c4f1dd",0
"624",1,25,1,3,1,3,2,-60.1737186089963,-26.6734064128124,"8a5894635a939d41",0
"625",1,38,2,2,1,4,1,-59.1145538004664,-27.7194121391442,"8a63845bf61a68f1",0
"626",2,44,1,2,1,5,1,-58.6246088672568,-34.7693065019551,"8a90d55fab984100",0
"627",1,49,1,3,1,6,1,-58.5379364966436,-34.4868750258075,"8ab1f9a03b1c250b",0
"628",1,20,1,4,1,7,2,-64.1528646180089,-31.1440566145003,"8b0ab5d222f31a9c",0
"629",2,30,1,2,3,5,2,-64.1832160923879,-31.4170640978912,"8b10fbd0c9b8b76b",0
"630",1,36,1,3,1,5,1,-60.7066788994818,-33.1299963261325,"8b29a839f3b10959",0
"631",1,27,1,2,1,5,1,-58.6246088672568,-34.7693065019551,"8b426f2855f36a4b",0
"632",1,21,1,3,1,4,2,-61.049649970697,-32.1553227683438,"8b486ff9cf7a16a2",0
"633",2,64,1,3,1,2,1,-60.7066788994818,-33.1299963261325,"8b9f6a3666403281",0
"634",1,22,1,6,3,5,2,-56.9258085562639,-36.6558414912978,"8c32ffda2ff824a6",0
"635",1,29,1,3,1,4,2,-58.2767767278006,-34.7349189384936,"8c87986d3ba32a14",0
"636",1,21,1,3,1,5,2,-58.423469690169,-34.7541169431057,"8cd339f3d2257831",0
"637",2,65,1,3,1,2,1,-58.4488804101251,-34.6151479182398,"8d14d20cb37270d5",0
"638",1,29,1,4,1,12,2,-58.9025599874312,-34.4479556816522,"8d2a4a014425a415",0
"639",2,20,1,3,3,6,2,-64.8123010566774,-24.2945220322772,"8d619a7bf6acfa67",0
"640",1,29,1,3,1,6,2,-58.6490721584121,-34.5983174361618,"8d83329b96fa4bdd",0
"641",2,22,1,2,1,7,2,-58.9025599874312,-34.4479556816522,"8df8f76c48b74497",0
"642",2,33,1,3,1,4,1,-58.6490721584121,-34.5983174361618,"8f2830a7f36a320c",0
"643",1,21,1,4,3,3,2,-57.7400569739232,-37.965633071548,"8f35bf30d71a423a",0
"644",1,21,1,3,3,4,2,-62.1698825493603,-38.5836883883761,"8f422b5ccda6007a",0
"645",1,22,1,4,1,4,2,-67.5580664653313,-38.5298248372128,"8f857c800f8102fa",0
"646",2,30,1,3,2,4,1,-58.6064376242289,-34.3821627094564,"8fcab6588c555292",0
"647",1,36,1,3,3,3,2,-58.6064376242289,-34.3821627094564,"902970c7b74910c8",0
"648",1,41,2,3,1,3,1,-58.0681465328077,-28.2367559570883,"90515d493f2af967",0
"649",2,20,1,3,3,4,2,-68.4670789691707,-31.6870540820238,"90b46fdd97395f8f",0
"650",1,69,1,2,3,2,1,-58.0180951945351,-35.0034017708424,"910c5785c958b0b7",0
"651",2,19,1,2,3,9,2,-64.8123010566774,-24.2945220322772,"915ba813a8d27588",0
"652",2,74,1,3,3,2,1,-58.2373800389925,-31.2907523920677,"917da364ca03f175",0
"653",2,35,1,2,1,4,2,-57.9806988681083,-34.8425971617461,"918f69f70a66d339",0
"654",1,51,1,2,1,5,1,-58.7412518747816,-34.710055233357,"91af0f51b9d9623f",0
"655",2,22,1,3,2,9,2,-58.3941226666696,-34.7047432858555,"9280b6119f59471d",0
"656",1,23,2,3,2,7,2,-63.661242066735,-22.7116119065058,"92b7dc96c4cd79b2",0
"657",2,37,1,2,3,5,2,-61.3607746418216,-30.2302880837076,"936ff1df165476a0",0
"658",1,22,1,3,3,3,2,-59.1145538004664,-27.7194121391442,"938102347a0f9c48",0
"659",1,25,2,3,2,4,2,-64.556910433389,-23.9148772308151,"93dc6c532333648d",0
"660",1,25,1,3,1,2,1,-58.4488804101251,-34.6151479182398,"94a498b364b6dbbc",0
"661",1,41,1,3,1,4,1,-60.0438436477086,-31.6969409558606,"94bc4c8ff777334c",0
"662",1,23,1,2,1,3,2,-64.3070592388571,-31.7112018537678,"9501d85288a09afa",0
"663",2,66,1,3,1,2,1,-58.5447837824873,-34.1483185346441,"95326cabdca0a964",0
"664",1,23,1,3,1,2,1,-58.5379364966436,-34.4868750258075,"9534d63fc70411db",0
"665",1,25,1,3,1,2,2,-58.7412518747816,-34.710055233357,"954724d12b5bc15a",0
"666",2,34,1,3,1,5,2,-58.5788319362462,-34.5948809827233,"95645794f84774d4",0
"667",1,26,1,3,1,2,1,-58.8103623815554,-34.6098501944399,"9604fbb5b679f2a1",0
"668",1,41,1,2,1,4,1,-67.5580664653313,-38.5298248372128,"964f680043da627a",0
"669",1,23,1,2,1,3,1,-66.3702743222188,-29.4574921855042,"967007d217bd8b58",0
"670",1,69,1,2,3,2,1,-58.3413586936725,-34.6784127460771,"96c0ad06f9cbff91",0
"671",1,29,1,3,1,4,2,-58.6490721584121,-34.5983174361618,"96d211961c6d5d17",0
"672",1,20,1,3,1,5,2,-58.9025599874312,-34.4479556816522,"972640bd21a4c16d",0
"673",2,31,1,3,1,6,1,-59.1145538004664,-27.7194121391442,"97287385d0841723",0
"674",1,28,1,3,1,5,1,-64.3070592388571,-31.7112018537678,"9781751677683f9c",0
"675",1,32,1,3,1,4,1,-64.1528646180089,-31.1440566145003,"9786b200a1b92367",0
"676",1,45,1,2,1,3,1,-60.0438436477086,-31.6969409558606,"97994fa5273339cc",0
"677",1,28,1,3,1,4,2,-58.423469690169,-34.7541169431057,"97b0170b97904f3d",0
"678",1,24,1,3,1,5,2,-59.5003981291152,-30.8981286049868,"97c0864c8188118a",0
"679",1,30,2,2,1,3,1,-58.4488804101251,-34.6151479182398,"97f4b7f08c9195df",0
"680",1,46,1,2,1,3,1,-62.1698825493603,-38.5836883883761,"97f75a546007845d",0
"681",1,33,1,2,1,4,1,-60.4899106899271,-30.5325710648442,"97fb199356115595",0
"682",1,19,1,3,1,7,2,-65.1242726776041,-24.192438986588,"9829a34869177bc6",0
"683",1,32,1,2,1,3,1,-65.0132947832702,-25.8560273099888,"9862dad0c790a096",0
"684",2,20,1,4,3,6,2,-68.9011851830163,-32.9282796299466,"9883c24ba07dcb38",0
"685",2,34,1,2,1,4,2,-58.5788319362462,-34.5948809827233,"988f54c9fdfbcc43",0
"686",1,45,1,3,1,2,1,-62.5251535452325,-31.236000623864,"9895b79d0517d82f",0
"687",1,30,1,3,1,3,1,-65.0698568024222,-43.1367830367119,"9939b96aa4ad050f",0
"688",2,19,1,2,1,2,1,-60.8528546985259,-33.486996132687,"993aaaf9f1495d26",0
"689",1,30,1,2,1,5,1,-59.267988674997,-32.3172952211468,"999b16bdb442f926",0
"690",1,25,1,3,1,2,2,-64.9230501419912,-42.4472770269569,"99b9c2dc3fb3bacf",0
"691",1,45,1,2,2,5,2,-58.6246088672568,-34.7693065019551,"99d10c47cd847802",0
"692",1,27,1,3,1,3,2,-64.1832160923879,-31.4170640978912,"99f518a25a9f7443",0
"693",1,33,1,3,1,3,1,-54.4233174034161,-26.3169012030018,"9a016b74b5c7d6cf",0
"694",1,24,2,3,1,4,1,-59.4931953290754,-33.9320720095435,"9a406f8dd64df609",0
"695",1,25,1,3,1,2,2,-71.4607501207088,-43.0749325657064,"9a4fb2818380d70a",0
"696",2,29,1,3,2,4,1,-58.5637335647496,-34.5518231350295,"9a8556747bb53b3d",0
"697",2,22,1,3,1,5,2,-58.3941226666696,-34.7047432858555,"9a96f25f352b6823",0
"698",1,33,1,3,1,5,1,-55.8580595078883,-27.5432827681667,"9b0401099c2afb07",0
"699",1,28,1,3,1,1,1,-58.6490721584121,-34.5983174361618,"9b11c72b2071d191",0
"700",1,34,1,2,1,4,1,-57.7400569739232,-37.965633071548,"9b1f7d213b1ab954",0
"701",1,20,1,3,2,5,2,-64.1832160923879,-31.4170640978912,"9b271785fb604209",0
"702",1,51,1,3,3,5,1,-58.6490721584121,-34.5983174361618,"9b396786c12f1892",0
"703",2,38,1,3,2,4,2,-60.5444404968683,-33.8362510375828,"9b4f14c37437bb80",0
"704",2,43,1,3,3,5,2,-67.8937920339591,-32.5813407230368,"9b5ac1a351625fa3",0
"705",1,19,1,3,2,4,2,-66.3702743222188,-29.4574921855042,"9b5f2bf1147adbb6",0
"706",1,21,1,2,1,3,1,-57.8191386324828,-29.0657478357939,"9ba2f2f1afa415c7",0
"707",1,31,1,3,1,4,2,-68.5342005205531,-31.5331511580079,"9c009d992b5f2405",0
"708",1,29,1,3,2,12,2,-58.5637335647496,-34.5518231350295,"9c178786a2192a18",0
"709",1,21,1,3,1,4,2,-58.7704904274157,-34.3278587595283,"9c7caba22554b280",0
"710",1,53,2,2,1,5,1,-58.7704904274157,-34.3278587595283,"9cda77a5d65bf7f4",0
"711",2,23,1,2,2,3,1,-58.5379364966436,-34.4868750258075,"9d08adb60b5da632",0
"712",1,21,1,3,1,5,2,-58.3976943022257,-34.9291236978428,"9da2f7d1f0344980",0
"713",1,18,1,3,3,3,2,-58.4316401585804,-35.0700019908132,"9da412c5f2c2364a",0
"714",1,33,1,1,2,8,2,-58.5379364966436,-34.4868750258075,"9f1c17006a892073",0
"715",2,21,1,3,2,9,2,-58.6246088672568,-34.7693065019551,"9f5ad147f6c91a83",0
"716",1,24,1,3,1,3,2,-69.4620765650695,-33.0358285916873,"9f6b1489d3b934f3",0
"717",2,18,1,4,3,2,2,-58.7640220601412,-27.5196363062383,"9f6cdd7c986c9b87",0
"718",1,18,1,2,1,5,1,-58.917166606432,-25.7764661710911,"9f9aafd5df57bca5",0
"719",1,28,1,4,1,6,2,-59.1145538004664,-27.7194121391442,"9fcb32c0b377cdd2",0
"720",1,22,1,3,1,8,2,-65.2562159148128,-24.399008765009,"9ffb4fbf1f6cbc58",0
"721",1,22,1,3,1,3,2,-58.6246088672568,-34.7693065019551,"a06232a6430cc722",0
"722",2,19,1,3,1,6,2,-58.7671488445331,-35.5107518799604,"a069db71094dc53f",0
"723",1,69,1,3,3,2,1,-62.1698825493603,-38.5836883883761,"a09cbdccb4992518",0
"724",2,18,1,2,1,3,2,-61.6577808129607,-31.2333312428038,"a1c9c7a4c994554f",0
"725",2,29,2,4,1,2,1,-58.4488804101251,-34.6151479182398,"a1f5d08517805164",0
"726",2,29,1,2,3,5,2,-68.741772401042,-32.8882480800092,"a238f67a1bc05595",0
"727",2,20,1,4,3,6,2,-68.9011851830163,-32.9282796299466,"a2548b2c5f819c5b",0
"728",2,22,1,3,3,4,2,-68.5219320837078,-31.4875762140558,"a2c5f7c50222d3c0",0
"729",1,29,1,4,1,6,2,-58.3781590459342,-25.938577139892,"a2dc28adc8b17a8a",0
"730",1,31,2,3,2,4,2,-60.9750170479814,-35.4815001862116,"a2dd17f913cb883b",0
"731",1,20,1,3,1,4,2,-60.7066788994818,-33.1299963261325,"a3439b8715da29c5",0
"732",1,27,1,3,1,4,2,-64.432235728455,-27.8874401651362,"a34cdbf8bc6373a4",0
"733",1,20,1,3,3,6,2,-62.1698825493603,-38.5836883883761,"a371168170a51f2d",0
"734",2,56,1,3,2,4,2,-60.7066788994818,-33.1299963261325,"a373b0421b205452",0
"735",1,41,1,2,1,2,1,-58.3413586936725,-34.6784127460771,"a37a41826ccc9f5a",0
"736",2,42,1,2,1,6,1,-58.2767767278006,-34.7349189384936,"a37ad1617c6d595a",0
"737",1,31,1,3,1,5,2,-58.4488804101251,-34.6151479182398,"a39bc2b193713ada",0
"738",2,22,1,4,1,3,2,-64.5861516416936,-31.222559240613,"a3a080c2b1c24440",0
"739",2,31,1,2,3,4,2,-60.7066788994818,-33.1299963261325,"a41cb74773479da0",0
"740",1,19,1,2,2,12,2,-60.3544161561354,-34.6182035687611,"a4450347f2471c95",0
"741",1,28,1,4,1,2,2,-70.5663895816414,-51.4133900352533,"a4d9601d66ffa65c",0
"742",2,59,1,3,2,3,2,-59.6979640185907,-36.789573869325,"a520c11cf415a153",0
"743",1,22,1,3,3,3,2,-58.0681465328077,-28.2367559570883,"a52b2d8536d6da4c",0
"744",1,27,1,3,1,3,1,-58.6881604368356,-34.6351448148524,"a5724934469cd972",0
"745",1,33,1,2,1,2,1,-55.8580595078883,-27.5432827681667,"a5789bbb383245f9",0
"746",1,29,2,2,1,5,1,-58.2767767278006,-34.7349189384936,"a599fa591c0f05c1",0
"747",1,35,1,2,1,3,1,-57.7400569739232,-37.965633071548,"a5b4ff6c8a1d369c",0
"748",1,26,1,3,1,3,2,-58.7640220601412,-27.5196363062383,"a5f40221b78b4f89",0
"749",2,63,1,3,1,1,1,-55.8580595078883,-27.5432827681667,"a6174dc2c5d0949a",0
"750",1,18,1,2,1,5,2,-62.8525089574504,-40.1944571354446,"a665f6920a95737c",0
"751",2,42,1,3,1,3,1,-60.0438436477086,-31.6969409558606,"a669a6736556a19c",0
"752",1,29,1,3,1,4,2,-58.1552215029755,-34.8181707378354,"a6b524426f81f9a5",0
"753",2,39,1,2,3,5,1,-58.6914314463256,-34.551278217791,"a720b74f567d9c00",0
"754",2,23,1,2,1,3,2,-58.4762694631934,-34.8303492519273,"a79346c7a54c8fc8",0
"755",2,23,1,3,3,5,2,-68.741772401042,-32.8882480800092,"a79a1965c05c6176",0
"756",2,27,1,2,3,5,2,-69.5128052140985,-33.6252198323936,"a7b235b7a885ad08",0
"757",1,41,2,4,1,4,1,-58.3781590459342,-25.938577139892,"a7c31a602f5b63a9",0
"758",2,23,1,3,3,6,2,-68.4904365096464,-33.1480582255345,"a7f7d0a087fc7295",0
"759",1,26,1,3,1,2,1,-58.6490721584121,-34.5983174361618,"a81b9d95f4a8d429",0
"760",1,32,1,2,1,3,1,-59.1662637711315,-38.2583638301751,"a896da1cbb80f23b",0
"761",1,26,1,4,2,9,2,-58.062101826018,-25.3709060894978,"a8a193d9d7911712",0
"762",1,22,1,2,1,9,2,-58.4488804101251,-34.6151479182398,"a8fd3a0a85b4872a",0
"763",1,18,1,3,3,2,2,-60.2193566900376,-32.784860345269,"a921a40114c251ca",0
"764",1,22,1,3,1,4,2,-60.5444404968683,-33.8362510375828,"a92b4383acd22695",0
"765",2,41,1,2,1,7,2,-58.6192889973626,-34.6483469056608,"a93d5f794c519bdd",0
"766",1,58,1,2,1,3,1,-58.6881604368356,-34.6351448148524,"a950ba5f90254fa7",0
"767",1,27,1,3,1,3,1,-58.4762694631934,-34.8303492519273,"a99781ff9f316dd6",0
"768",1,37,1,3,3,2,1,-58.5447837824873,-34.1483185346441,"a9a04da59b8c3224",0
"769",2,38,1,3,1,3,2,-68.4670789691707,-31.6870540820238,"aa53ca6c4500286f",0
"770",2,26,1,3,1,5,2,-58.4488804101251,-34.6151479182398,"aa6f658cb3f160d5",0
"771",1,37,1,3,1,1,1,-58.4488804101251,-34.6151479182398,"ab4b3b493d2d4b02",0
"772",1,36,1,2,1,5,1,-57.9018775820629,-35.6759326495487,"ac30b6605c4348f0",0
"773",1,31,1,3,1,4,1,-65.8420050450907,-28.4245196975075,"ac5cdac1485854a5",0
"774",1,30,1,3,1,6,2,-58.6064376242289,-34.3821627094564,"ac9fb5acb556caa2",0
"775",1,25,1,3,1,3,1,-65.2178480527046,-26.8333109955845,"ad298f7a26691bbb",0
"776",1,24,1,3,1,2,2,-68.6689759067021,-32.9864228370018,"adcd7bacfb155f6f",0
"777",1,24,1,2,1,5,2,-58.3668830324285,-34.834805250436,"addaa217f369124b",0
"778",1,34,1,3,1,3,1,-54.4233174034161,-26.3169012030018,"af2d377427c8df7c",0
"779",1,30,1,3,1,2,2,-68.3505615915447,-34.9460322967049,"af46b04d39a464fb",0
"780",2,36,1,2,1,2,2,-58.6246088672568,-34.7693065019551,"af681638696c01d3",0
"781",2,23,1,3,3,3,2,-58.7640220601412,-27.5196363062383,"af7265dc97040288",0
"782",2,58,1,4,1,8,1,-64.1832160923879,-31.4170640978912,"b00b57a67cfca430",0
"783",2,32,1,2,2,8,2,-58.8829412440182,-34.1386177245953,"b05cbaccb7ab78fb",0
"784",1,19,1,3,1,8,2,-68.6689759067021,-32.9864228370018,"b116b45178560938",0
"785",1,30,1,3,3,5,2,-60.0585771056331,-33.5864929505293,"b1286d5c597af7fa",0
"786",1,20,1,3,2,4,2,-66.3702743222188,-29.4574921855042,"b18998120fb643c2",0
"787",2,21,1,3,1,6,2,-59.5279587708288,-28.6764585126372,"b1946a0a90a3004f",0
"788",1,32,1,3,1,4,1,-64.1832160923879,-31.4170640978912,"b21df6abd22c4329",0
"789",2,42,2,3,2,4,2,-58.6490721584121,-34.5983174361618,"b221c4524ad7bc6f",0
"790",2,28,1,3,1,5,2,-62.3041170545294,-35.0520306025413,"b2358747a1c6dcc2",0
"791",1,31,1,3,1,6,2,-58.7412518747816,-34.710055233357,"b23d9f48c3261083",0
"792",2,24,1,2,2,3,1,-58.3668830324285,-34.834805250436,"b2938bc50887934c",0
"793",1,38,1,3,1,6,1,-58.5637335647496,-34.5518231350295,"b29bb742a5c29f91",0
"794",2,29,1,3,3,4,2,-65.2711768340015,-24.8911881837991,"b29f6b2a3b7814b8",0
"795",1,42,1,2,1,3,1,-58.5788319362462,-34.5948809827233,"b337f2dab5974bf6",0
"796",2,42,1,2,1,6,1,-58.2767767278006,-34.7349189384936,"b372bb2b9268c1bb",0
"797",2,19,1,2,3,7,2,-58.7640220601412,-27.5196363062383,"b3861934b69cba3a",0
"798",1,29,1,3,2,3,2,-65.0698568024222,-43.1367830367119,"b3970335d9b9fd0c",0
"799",2,27,1,2,3,4,2,-62.2771151207267,-33.0309956732058,"b39a40204b381c57",0
"800",2,67,1,3,3,2,2,-58.3668830324285,-34.834805250436,"b3b450729325fa48",0
"801",1,21,1,3,1,4,2,-58.8103623815554,-34.6098501944399,"b44f296f76d5c425",0
"802",1,31,1,3,1,5,1,-55.8580595078883,-27.5432827681667,"b4afa3607626cccf",0
"803",1,26,1,2,1,1,1,-58.9025599874312,-34.4479556816522,"b4b0d55a9cdc8d42",0
"804",1,25,1,4,2,9,2,-58.3781590459342,-25.938577139892,"b5235957b05341ba",0
"805",2,41,1,2,1,4,1,-58.6246088672568,-34.7693065019551,"b555054fb80873c5",0
"806",2,41,1,1,3,6,2,-59.5003981291152,-30.8981286049868,"b56534d5f7297cf5",0
"807",1,28,1,3,1,5,1,-64.1528646180089,-31.1440566145003,"b56f02f089b69b0b",0
"808",2,20,1,3,3,2,2,-61.3607746418216,-30.2302880837076,"b60564a5fc265cbd",0
"809",2,43,1,2,3,4,2,-68.6689759067021,-32.9864228370018,"b62c27c6726698bd",0
"810",2,40,1,2,3,5,1,-58.6192889973626,-34.6483469056608,"b633b0876882797b",0
"811",1,20,1,3,1,3,2,-63.6620515654836,-35.6797899427701,"b662c695d7d02b77",0
"812",1,42,1,2,1,1,1,-62.4346275658807,-37.7707717623269,"b67316d7f9c75d45",0
"813",2,61,1,3,3,1,1,-61.8343505329433,-38.8498593338339,"b7167c1a9f901b52",0
"814",2,40,1,3,1,4,2,-62.791425668622,-32.8784565749729,"b7528df51284258b",0
"815",1,25,1,2,3,4,2,-59.1145538004664,-27.7194121391442,"b780f436dd5d312a",0
"816",1,25,1,3,1,9,2,-59.1145538004664,-27.7194121391442,"b7b3fc80633f96d6",0
"817",1,56,2,3,1,6,1,-58.7640220601412,-27.5196363062383,"b808967f057cfff8",0
"818",2,22,1,3,1,5,2,-58.7770476904653,-34.511070292185,"b88674130944fa6f",0
"819",1,34,1,2,2,5,1,-69.2726528707856,-32.5229690773084,"b8a249f567437a56",0
"820",1,37,1,3,1,1,1,-58.4488804101251,-34.6151479182398,"b8b1b651646036f8",0
"821",2,28,1,2,3,4,2,-70.5663895816414,-51.4133900352533,"b906fd196fda0555",0
"822",1,19,1,2,1,4,2,-62.8471169150996,-38.7344725761528,"b982cbf39b083a58",0
"823",1,23,1,3,3,2,2,-59.2551834162208,-29.4528061477907,"ba4644bc14df4335",0
"824",1,32,2,3,2,4,2,-58.5637335647496,-34.5518231350295,"ba51517d39998fcc",0
"825",1,34,1,3,1,5,2,-58.6490721584121,-34.5983174361618,"ba518542b1460156",0
"826",2,28,1,2,1,5,2,-64.4933428725017,-33.3297338059771,"ba7761fd53862a78",0
"827",1,25,1,2,2,8,2,-65.0698568024222,-43.1367830367119,"bb21687ac038f607",0
"828",1,36,1,2,1,5,1,-58.5379364966436,-34.4868750258075,"bb66ff73d41c31b7",0
"829",2,50,1,2,3,3,1,-64.19827363364,-36.4991665065601,"bb8a74c737bbcbd3",0
"830",1,22,1,3,2,3,2,-60.6696152885451,-31.4770125774097,"bb8c942f059f0f46",0
"831",1,18,1,2,1,3,1,-58.0681465328077,-28.2367559570883,"bb960c4db0fd3950",0
"832",1,22,1,3,1,4,2,-60.7874549575384,-34.1931035382178,"bb9a18c5c47a3059",0
"833",2,44,1,2,1,5,1,-58.5788319362462,-34.5948809827233,"bbf61f918c1a5037",0
"834",1,27,1,3,1,3,1,-65.0698568024222,-43.1367830367119,"bc05b4235971f6f1",0
"835",2,33,1,2,1,5,2,-58.7770476904653,-34.511070292185,"bc12432a231383f1",0
"836",1,27,1,3,2,4,2,-64.1832160923879,-31.4170640978912,"bc913fbd433a7782",0
"837",2,33,1,2,1,4,2,-58.7412518747816,-34.710055233357,"bcd1d816887fa073",0
"838",1,38,1,2,1,1,1,-58.3668830324285,-34.834805250436,"bd0879658774cdb1",0
"839",2,20,1,3,3,3,2,-54.5644440076595,-26.6565295307138,"bd829b3287787345",0
"840",1,27,2,3,3,3,1,-58.062101826018,-25.3709060894978,"bd83d1d2c1a49916",0
"841",1,30,1,4,1,1,1,-67.7093785858779,-45.2860015577364,"bdb5217bb6dba1d5",0
"842",1,20,1,2,1,8,2,-65.3972071113949,-32.2122366332698,"bf689b409393538f",0
"843",2,22,1,4,1,3,2,-61.8089561108145,-32.0140532291854,"bf98b1b9cf061acb",0
"844",2,25,1,2,3,4,2,-69.090098691949,-34.0705207733931,"bfa2c36b25abc25d",0
"845",1,23,1,3,3,6,2,-58.9860909733009,-34.6512467273435,"bfb3b24a45a23641",0
"846",2,67,1,3,3,2,1,-62.1698825493603,-38.5836883883761,"bff2953130fc7c1c",0
"847",1,32,1,3,1,3,2,-65.2711768340015,-24.8911881837991,"c03217ab9b2b5d91",0
"848",2,40,1,2,1,4,1,-58.7412518747816,-34.710055233357,"c0413165a7569aad",0
"849",1,51,1,2,1,5,1,-58.7412518747816,-34.710055233357,"c0442292364ab7a6",0
"850",1,21,1,3,1,4,2,-60.9632479719998,-32.9473767894086,"c06a94b27454aa2c",0
"851",1,25,1,2,1,1,1,-58.0180951945351,-35.0034017708424,"c118aad993453b07",0
"852",1,31,1,2,1,6,1,-58.3781590459342,-25.938577139892,"c1332d8ba57742b4",0
"853",1,28,1,3,1,1,1,-58.423469690169,-34.7541169431057,"c16071f5a8ac533d",0
"854",1,38,1,2,3,6,1,-55.8580595078883,-27.5432827681667,"c1655d413133132f",0
"855",1,21,1,3,1,4,2,-68.3505615915447,-34.9460322967049,"c1676907852ca1f7",0
"856",1,32,1,3,2,2,1,-64.1807058093911,-27.4502296802384,"c19bfd2b4d5a511a",0
"857",2,32,1,3,1,6,2,-59.7034796023838,-35.676416162134,"c1d4cb709418228c",0
"858",1,50,1,2,1,5,1,-59.1751411285564,-36.0178987621076,"c294900c01918c82",0
"859",2,45,1,2,1,2,1,-60.6035483586041,-35.061197091264,"c2cd6807629151d2",0
"860",2,33,1,3,1,4,1,-58.423469690169,-34.7541169431057,"c3689193409c9b90",0
"861",1,30,1,3,1,5,1,-64.5861516416936,-31.222559240613,"c381744ffdad6266",0
"862",2,18,1,2,3,8,2,-64.9583275141461,-24.7622423273886,"c381856c4678d3fc",0
"863",2,58,1,3,2,2,2,-60.9750170479814,-35.4815001862116,"c39fdb0f34830c43",0
"864",1,19,1,3,1,8,2,-65.2711768340015,-24.8911881837991,"c416c7b81c5bc4d1",0
"865",2,64,1,3,1,2,1,-58.4488804101251,-34.6151479182398,"c4386bafda138a6d",0
"866",1,19,1,3,1,4,2,-60.0438436477086,-31.6969409558606,"c46b08c44300d535",0
"867",2,39,1,3,1,5,1,-58.6903559484279,-35.1446092544038,"c46fad2cbf305afa",0
"868",1,38,1,3,1,4,1,-68.9012114121372,-32.8783668355289,"c47c40ac1a1fd698",0
"869",1,43,1,2,1,3,1,-58.9025599874312,-34.4479556816522,"c4c3c777d27798a2",0
"870",2,35,1,3,1,5,2,-61.6577808129607,-31.2333312428038,"c55185fa2f3bb921",0
"871",1,39,1,3,1,6,1,-56.9352799572195,-27.9001661171504,"c554a74977fd8904",0
"872",1,70,1,4,1,2,1,-58.4488804101251,-34.6151479182398,"c61970794506f312",0
"873",2,66,1,3,3,2,2,-58.7770476904653,-34.511070292185,"c691907f6499a8f7",0
"874",2,36,1,2,1,5,2,-58.2767767278006,-34.7349189384936,"c692b0b4b5753977",0
"875",2,40,1,2,1,4,1,-58.5788319362462,-34.5948809827233,"c6c5c53a018517d9",0
"876",1,29,1,2,3,6,2,-58.8654615414644,-33.2502036906973,"c6f93bd64f3f951b",0
"877",2,72,1,4,1,2,1,-64.5861516416936,-31.222559240613,"c70db2a1704d9532",0
"878",1,25,1,2,1,2,1,-58.3413586936725,-34.6784127460771,"c71a90c422b21618",0
"879",1,29,1,3,1,4,1,-57.7400569739232,-37.965633071548,"c7487876775afb37",0
"880",1,24,1,3,1,3,2,-58.4488804101251,-34.6151479182398,"c7fbadcbd2802728",0
"881",2,24,1,3,3,3,1,-56.9352799572195,-27.9001661171504,"c8484a1508b58834",0
"882",2,43,2,2,2,5,2,-58.6064376242289,-34.3821627094564,"c8a329512f78db09",0
"883",2,58,1,2,1,5,2,-68.2931610294864,-32.9132310340748,"c967669bbbb05633",0
"884",2,65,1,3,1,2,1,-58.4488804101251,-34.6151479182398,"c9693d696596da74",0
"885",2,45,1,2,1,4,1,-64.5861516416936,-31.222559240613,"c98c946a3f9c54d1",0
"886",1,36,1,3,1,5,1,-58.8299753276809,-30.7739934951015,"c9a7159405a0c0b2",0
"887",1,30,1,2,1,5,2,-60.6696152885451,-31.4770125774097,"ca0fc3b96ca0a673",0
"888",2,25,1,2,1,4,2,-58.6246088672568,-34.7693065019551,"ca183c7f8ad1b69d",0
"889",1,29,1,2,1,3,2,-59.1568059719232,-34.5684818918404,"ca822f71a0dc5aa4",0
"890",2,23,1,2,3,4,2,-68.2931610294864,-32.9132310340748,"cb0d69c4bf130dd3",0
"891",1,42,1,2,1,4,1,-61.5324253733312,-33.2230585324393,"cb7535af388f3f61",0
"892",1,38,1,3,1,6,1,-58.8103623815554,-34.6098501944399,"cb8da3628b7b083f",0
"893",1,20,1,3,1,3,2,-58.7704904274157,-34.3278587595283,"cbd46f1f3a4fc620",0
"894",1,26,1,3,1,2,2,-58.5379364966436,-34.4868750258075,"cc22994a0715f408",0
"895",1,19,1,3,1,7,2,-62.7393892940266,-25.948017190387,"cc3df0aa875c9c3a",0
"896",2,29,2,3,1,3,1,-58.3668830324285,-34.834805250436,"cc6c1847bf95a73c",0
"897",1,18,1,3,2,4,2,-66.729166091854,-54.7450048144209,"cc8d079d00533d5d",0
"898",1,46,1,3,1,3,1,-64.1832160923879,-31.4170640978912,"ccba0cb55aadf7b0",0
"899",1,43,1,2,1,4,1,-61.5324253733312,-33.2230585324393,"cd3f07c1c64f2176",0
"900",1,26,1,2,1,1,1,-58.6881604368356,-34.6351448148524,"cd47c58828ad6577",0
"901",2,48,1,2,3,3,1,-64.1528646180089,-31.1440566145003,"cd830827f7c6ba57",0
"902",1,29,1,4,1,6,2,-58.7640220601412,-27.5196363062383,"cdb78b4947339627",0
"903",1,31,1,2,2,5,1,-64.1832160923879,-31.4170640978912,"cfc5b818d1a631a0",0
"904",1,25,1,3,1,3,2,-58.062101826018,-25.3709060894978,"cffc9543541aa70c",0
"905",1,19,1,3,1,5,2,-60.6035483586041,-35.061197091264,"d04236f31b5cd70f",0
"906",1,18,1,2,2,5,2,-58.7412518747816,-34.710055233357,"d084425726a058a6",0
"907",2,25,1,2,1,6,2,-57.7400569739232,-37.965633071548,"d0882a0fbc8432cf",0
"908",1,42,1,2,1,4,2,-60.0585771056331,-33.5864929505293,"d0fba6156270db11",0
"909",1,70,1,4,1,2,1,-58.5788319362462,-34.5948809827233,"d0fd95803f5b1397",0
"910",1,19,1,3,3,5,2,-61.0059804425198,-34.5467916989979,"d13cda52b0a01511",0
"911",1,24,2,1,2,6,2,-65.2490779521593,-30.9564803167803,"d1942d0546a57623",0
"912",2,19,1,3,1,7,2,-58.6064376242289,-34.3821627094564,"d1b6372f7ccf46f8",0
"913",2,28,2,3,1,3,1,-58.6246088672568,-34.7693065019551,"d1ff76260f1952ca",0
"914",2,23,1,2,2,3,1,-58.5379364966436,-34.4868750258075,"d265a6f5006935b3",0
"915",1,20,1,3,1,7,2,-59.1145538004664,-27.7194121391442,"d29941785f0f92fa",0
"916",2,34,1,3,3,4,2,-68.2931610294864,-32.9132310340748,"d2a0588b05bc4a6c",0
"917",2,65,1,3,3,2,1,-62.1698825493603,-38.5836883883761,"d2d37089a8d78287",0
"918",1,29,1,2,1,3,1,-64.8123010566774,-24.2945220322772,"d3777047709f05a3",0
"919",1,31,1,2,1,6,1,-58.9337445148205,-28.9881584287831,"d3a83653551fda71",0
"920",1,44,1,3,1,4,1,-64.4933428725017,-33.3297338059771,"d3d5da33ad964879",0
"921",2,31,1,3,1,5,1,-59.1145538004664,-27.7194121391442,"d3f57873772413ac",0
"922",2,28,1,2,3,4,2,-58.1552215029755,-34.8181707378354,"d43511ab54cc5dbf",0
"923",2,36,1,2,1,5,2,-58.5637335647496,-34.5518231350295,"d47036b9415a5b1b",0
"924",2,18,1,2,3,5,2,-60.8837146690309,-26.782754130404,"d48b63216b251545",0
"925",1,26,1,2,2,5,2,-67.9020452530799,-54.0284903730289,"d48d802d46ac3933",0
"926",1,21,1,3,3,5,2,-59.1145538004664,-27.7194121391442,"d48f71adf47ffa5b",0
"927",2,31,1,3,1,6,1,-60.4622705179452,-26.7863907850135,"d4d78876637bb747",0
"928",2,64,1,3,3,1,1,-61.9464580733227,-33.9274286765387,"d50d111d519fc23d",0
"929",2,39,1,2,3,6,1,-60.0438436477086,-31.6969409558606,"d5275aafab5ab972",0
"930",2,77,1,3,3,2,1,-58.4488804101251,-34.6151479182398,"d58d34119328b656",0
"931",1,21,1,3,1,7,2,-58.7107768920109,-26.9501251955646,"d5926b70a2f9a43b",0
"932",1,21,1,3,2,4,2,-67.9020452530799,-54.0284903730289,"d60cbd3166bc4358",0
"933",1,30,1,3,1,2,1,-57.7400569739232,-37.965633071548,"d638fc3fa3013331",0
"934",1,33,1,2,1,3,1,-64.1807058093911,-27.4502296802384,"d6b2c407871fbf0b",0
"935",2,44,1,2,2,6,2,-65.7565178886843,-27.4561457428421,"d70dc5d1365872b6",0
"936",1,20,1,6,3,4,2,-59.1015886491161,-35.1264103130654,"d77a4430228a3d10",0
"937",2,18,2,3,3,4,2,-54.8017412422896,-27.1444548962344,"d7b35bc734019dc1",0
"938",2,39,1,3,1,5,2,-63.2562238529538,-32.5143344670918,"d80b87d7935362c9",0
"939",1,38,2,3,1,4,1,-62.3410423701402,-28.5714853364417,"d8830709125dafb7",0
"940",1,24,1,3,1,5,2,-55.8580595078883,-27.5432827681667,"d8901a56338c6cf8",0
"941",2,24,1,2,3,4,2,-69.4620765650695,-33.0358285916873,"d8af01b97b752630",0
"942",2,43,1,2,1,5,1,-58.7770476904653,-34.511070292185,"d8bdd868d4a816d9",0
"943",1,26,1,2,1,5,2,-58.0180951945351,-35.0034017708424,"d8fcf4a9958270a8",0
"944",1,27,1,3,1,4,2,-60.6696152885451,-31.4770125774097,"d8ff720b600c2924",0
"945",2,28,1,1,3,9,2,-58.6246088672568,-34.7693065019551,"d926062c97404371",0
"946",1,41,1,3,1,3,1,-60.7066788994818,-33.1299963261325,"d969447454f107c9",0
"947",1,19,1,3,1,7,2,-58.7640220601412,-27.5196363062383,"da726ab0bc523a6c",0
"948",1,20,1,3,2,5,2,-64.6214326128784,-32.2070268867273,"daca7948b300b637",0
"949",1,29,1,3,1,4,2,-58.6246088672568,-34.7693065019551,"db0729cd79aa0791",0
"950",2,25,1,2,3,4,2,-68.741772401042,-32.8882480800092,"db7720b73cfdfda7",0
"951",1,24,1,3,1,3,2,-58.7704904274157,-34.3278587595283,"dbb9f827f2ff5982",0
"952",1,19,1,3,1,7,2,-60.0150359333227,-27.0224891208631,"dbcb823b08dd444d",0
"953",2,22,1,4,1,3,2,-62.5251535452325,-31.236000623864,"dbd7c332b9bfa87d",0
"954",1,46,1,3,1,5,2,-58.6246088672568,-34.7693065019551,"dc82145b45dd9fbd",0
"955",1,31,1,2,1,4,1,-64.3070592388571,-31.7112018537678,"dc871696c2790ab8",0
"956",2,40,1,3,3,4,2,-58.3941226666696,-34.7047432858555,"dcb32719344dfacf",0
"957",1,19,1,3,1,4,2,-60.6696152885451,-31.4770125774097,"dcb54341375a28a2",0
"958",1,70,1,4,1,2,1,-58.4488804101251,-34.6151479182398,"dccc8353365084d6",0
"959",1,25,1,3,1,5,2,-66.3702743222188,-29.4574921855042,"dd26f5934ad93db7",0
"960",1,29,1,3,1,3,2,-64.1832160923879,-31.4170640978912,"dd462f953170528d",0
"961",1,33,1,2,1,4,1,-65.2656620773154,-29.184760070248,"dd4aa187a7aa0f8c",0
"962",1,27,1,2,2,4,2,-68.3505615915447,-34.9460322967049,"dd4d42c95876faba",0
"963",1,38,1,4,1,4,1,-57.7400569739232,-37.965633071548,"df1c41c6434012a9",0
"964",1,30,1,3,1,5,1,-64.1528646180089,-31.1440566145003,"df20f8600c08841c",0
"965",1,56,2,2,2,6,2,-58.3413586936725,-34.6784127460771,"df26b9566622185a",0
"966",2,29,1,2,3,3,2,-68.3505615915447,-34.9460322967049,"df9789a9ac414a84",0
"967",1,23,1,3,1,3,2,-58.2580631285934,-34.876793577096,"dfb9d2f61478d4bb",0
"968",1,28,1,3,1,4,2,-59.1275315604157,-33.9965726299644,"dffc092f5b2c202c",0
"969",1,25,1,3,1,2,1,-58.6246088672568,-34.7693065019551,"f0075868018d14b4",0
"970",1,37,1,3,1,1,1,-58.4488804101251,-34.6151479182398,"f088c12baf2416a9",0
"971",1,24,2,2,1,3,1,-58.4316401585804,-35.0700019908132,"f09bf47ff8117ca9",0
"972",2,43,1,2,3,4,2,-68.741772401042,-32.8882480800092,"f0f03a657f459d5d",0
"973",2,38,1,3,2,4,2,-60.2924970437052,-33.4822928824669,"f177246fd908d7bc",0
"974",2,22,1,3,1,5,2,-60.4554687802634,-26.3199850513874,"f188bb1bb7cbf059",0
"975",1,47,1,2,3,4,1,-60.5444404968683,-33.8362510375828,"f1a1908704531288",0
"976",1,28,2,3,2,3,1,-65.0863230486028,-27.1909518425562,"f1a7f45f57831518",0
"977",2,22,1,3,3,4,2,-57.8693043912488,-30.2288805012008,"f1c774c982637883",0
"978",2,28,1,2,3,4,2,-58.4762694631934,-34.8303492519273,"f1f231c192b61292",0
"979",2,28,1,3,1,3,1,-58.6246088672568,-34.7693065019551,"f21528608c81606d",0
"980",1,32,1,3,1,4,1,-64.5861516416936,-31.222559240613,"f2273f2c441c84ff",0
"981",1,24,1,2,1,2,1,-58.5637335647496,-34.5518231350295,"f23db830017958f7",0
"982",2,48,1,2,3,4,1,-64.1832160923879,-31.4170640978912,"f2a6c233c432dabc",0
"983",2,48,1,2,2,3,1,-68.9012114121372,-32.8783668355289,"f2f0d8ac4a7720c9",0
"984",2,22,1,3,1,5,2,-58.5053444861507,-34.5263761375676,"f307058bd6d267d3",0
"985",1,21,1,3,2,4,2,-66.729166091854,-54.7450048144209,"f31cf5fd8aa2c7db",0
"986",1,20,1,2,1,5,2,-65.7138958918802,-34.7501504644319,"f357dc54122fd7f2",0
"987",1,70,1,4,1,2,1,-58.4488804101251,-34.6151479182398,"f38bfa1959054444",0
"988",1,31,1,2,1,4,1,-64.3070592388571,-31.7112018537678,"f40b69533b6dcbd2",0
"989",1,42,1,2,1,2,1,-61.1009459719358,-38.6825174266042,"f418a2122c7b165c",0
"990",2,27,1,2,3,7,2,-58.5641494773466,-34.8752388864172,"f429ad03024460d1",0
"991",2,24,1,2,2,4,1,-58.5379364966436,-34.4868750258075,"f45c840840193817",0
"992",1,38,1,2,1,1,1,-58.3668830324285,-34.834805250436,"f47170f659f15adc",0
"993",1,30,2,2,2,4,1,-64.9789936971861,-26.9164024412054,"f49aa10d7f8f49bf",0
"994",1,18,1,2,2,5,2,-58.7412518747816,-34.710055233357,"f4bc9150324d7125",0
"995",1,24,1,3,1,3,2,-58.423469690169,-34.7541169431057,"f4c3b60d2faab40f",0
"996",2,28,1,2,3,7,2,-58.7704904274157,-34.3278587595283,"f50962c613c75c42",0
"997",2,53,1,4,1,6,2,-68.3505615915447,-34.9460322967049,"f53242fbad8c2820",0
"998",1,21,1,3,2,4,2,-65.8050590928187,-27.273210029554,"f5a953866abbd00b",0
"999",1,28,1,3,1,4,2,-61.1100432004277,-31.3171749553626,"f5d1b3331775ffd9",0
"1000",2,33,1,3,1,5,2,-58.4488804101251,-34.6151479182398,"f6d076d3452d122d",0
"1001",1,25,1,3,1,3,2,-68.3505615915447,-34.9460322967049,"f6d135f9cd813b58",0
"1002",1,28,2,3,1,5,1,-64.1832160923879,-31.4170640978912,"f6d44b283890c6ac",0
"1003",2,25,1,2,1,4,2,-58.4762694631934,-34.8303492519273,"f6d79bd49fc61d22",0
"1004",1,25,1,2,1,2,1,-58.3941226666696,-34.7047432858555,"f6fdb7546d3d8396",0
"1005",2,21,1,2,1,5,2,-58.423469690169,-34.7541169431057,"f727bd888f5acc43",0
"1006",1,50,1,2,1,5,1,-58.9025599874312,-34.4479556816522,"f794231381d7afa9",0
"1007",1,33,1,2,2,5,1,-68.9012114121372,-32.8783668355289,"f7df4dbdd8bd4ddb",0
"1008",1,42,2,4,2,6,2,-58.4488804101251,-34.6151479182398,"f8071b86f79c7a29",0
"1009",1,26,1,4,1,4,2,-68.6422563610844,-31.5544504953568,"f82f6dd0c575a367",0
"1010",2,30,1,2,3,5,2,-68.6689759067021,-32.9864228370018,"f85703226670a359",0
"1011",2,57,1,3,2,2,2,-61.9464580733227,-33.9274286765387,"f89042dcab76014b",0
"1012",2,20,1,2,1,4,1,-60.7066788994818,-33.1299963261325,"f8bb8f5838b181ab",0
"1013",2,18,2,3,3,4,2,-60.6696152885451,-31.4770125774097,"f923668082592f8d",0
"1014",1,40,1,3,1,4,1,-60.0438436477086,-31.6969409558606,"f92fb42f3f160da2",0
"1015",1,22,1,3,2,5,1,-60.7066788994818,-33.1299963261325,"f9548031c570104f",0
"1016",1,19,1,2,2,10,2,-64.7565303558657,-27.4812881208258,"f9663c5fbb845911",0
"1017",2,18,2,3,2,6,2,-59.5279587708288,-28.6764585126372,"f9f39c96629a96d0",0
"1018",1,24,1,2,2,5,2,-67.9020452530799,-54.0284903730289,"fa52ad423aba1463",0
"1019",1,19,1,3,3,5,2,-60.7066788994818,-33.1299963261325,"fabd0664f119084f",0
"1020",2,27,1,3,3,4,2,-70.5663895816414,-51.4133900352533,"fac28c4427cc994f",0
"1021",1,51,1,3,1,6,1,-58.6246088672568,-34.7693065019551,"faf434c0a9f895f9",0
"1022",1,34,1,3,1,4,1,-55.8580595078883,-27.5432827681667,"fb78f49d0c7117a8",0
"1023",1,25,1,2,1,2,1,-58.6246088672568,-34.7693065019551,"fb8294f26caa3a4d",0
"1024",2,53,1,2,2,3,2,-62.1698825493603,-38.5836883883761,"fbd301233934f188",0
"1025",2,21,1,3,3,7,2,-65.6323952292387,-26.4646295511743,"fc0b4dc886977c8f",0
"1026",2,24,1,2,2,4,1,-58.5637335647496,-34.5518231350295,"fc351726d420d754",0
"1027",1,18,1,3,1,4,2,-62.6346695395212,-36.0573388152291,"fc641a07894f3d47",0
"1028",1,32,1,1,2,4,1,-61.3803332071402,-27.5836931487391,"fc731d7b8ad9034f",0
"1029",2,33,1,3,1,4,1,-58.5379364966436,-34.4868750258075,"fc8094b47b64b7bb",0
"1030",2,33,1,2,3,6,2,-60.9632479719998,-32.9473767894086,"fcf084d5404f9170",0
"1031",1,31,1,3,1,2,2,-58.7412518747816,-34.710055233357,"fcfdd9bc8bd32167",0
"1032",2,67,1,3,3,2,2,-58.2767767278006,-34.7349189384936,"fd8897f7796ad6f7",0
"1033",2,21,1,4,2,4,2,-64.1832160923879,-31.4170640978912,"fd8bd5425c791851",0
"1034",1,20,1,3,1,7,2,-61.0059804425198,-34.5467916989979,"ff09f747f0a4accd",0
"1035",2,65,1,2,3,1,1,-68.9012114121372,-32.8783668355289,"ff6157993f693bab",0
"1036",1,60,1,2,1,3,1,-58.6246088672568,-34.7693065019551,"ff64ddd14198fa25",0
"1037",1,40,1,2,1,1,1,-58.6246088672568,-34.7693065019551,"ff84cfba798392f6",0
"1038",1,19,1,2,1,9,2,-60.4899106899271,-30.5325710648442,"ff99382fda665ccd",0
"1039",1,22,1,3,1,2,1,-67.7093785858779,-45.2860015577364,"ff9f560192b0601f",0
"1040",1,29,1,3,1,6,2,-58.3668830324285,-34.834805250436,"ffb85332a89babcf",0
